Sample_Name,Microbiome,Seed_Type,Reps,Microbiome_Seed,Bac_cutis,Bac_timonensis,Bac_kribbi,Bac_faecichinchillae,Bac_rodentium,Bac_caccae,Bac_ovatus,Bac_acidifaciens,Bac_xylanisolvens,Bac_fragilis,Bac_thetaiotaomicron,Bac_intestinalis,Bac_faecis,Bac_cellulosilyticus,Bac_clarus,Bac_plebeius,Bac_coprocola,Bac_stercoris,Bac_eggerthii,Bac_salyersiae,Bac_nordii,Bac_uniformis,Bac_paurosaccharolyticus,Bac_sartorii,Bac_massiliensis,Bac_vulgatus,Bac_dorei,Bac_caecimuris,Bac_cutis_log2,Bac_timonensis_log2,Bac_kribbi_log2,Bac_faecichinchillae_log2,Bac_rodentium_log2,Bac_caccae_log2,Bac_ovatus_log2,Bac_acidifaciens_log2,Bac_xylanisolvens_log2,Bac_fragilis_log2,Bac_thetaiotaomicron_log2,Bac_intestinalis_log2,Bac_faecis_log2,Bac_cellulosilyticus_log2,Bac_clarus_log2,Bac_plebeius_log2,Bac_coprocola_log2,Bac_stercoris_log2,Bac_eggerthii_log2,Bac_salyersiae_log2,Bac_nordii_log2,Bac_uniformis_log2,Bac_paurosaccharolyticus_log2,Bac_sartorii_log2,Bac_massiliensis_log2,Bac_vulgatus_log2,Bac_dorei_log2,Bac_caecimuris_log2
S12-764-2,S12,764,2,S12_764,0,0,0,1,0,81,192,2,0,0,100,0,0,6,0,0,0,447,0,0,0,20,0,0,193,545,0,0,0,0,0,1,0,6.357552005,7.592457037,1.584962501,0,0,6.658211483,0,0,2.807354922,0,0,0,8.807354922,0,0,0,4.392317423,0,0,7.599912842,9.092757141,0,0
S3-764-2,S3,764,2,S3_764,0,0,14,0,0,25,1840,11,0,0,41,0,0,87,0,0,1,155,0,1,9,130,0,0,63,440,0,1,0,0,3.906890596,0,0,4.700439718,10.84627391,3.584962501,0,0,5.392317423,0,0,6.459431619,0,0,1,7.285402219,0,1,3.321928095,7.033423002,0,0,6,8.784634846,0,1
S6-764-2,S6,764,2,S6_764,0,0,12,0,0,0,1973,2,0,171,258,94,0,16,0,0,0,9,67,6,1,157,0,0,3,1102,140,0,0,0,3.700439718,0,0,0,10.94690627,1.584962501,0,7.426264755,8.016808288,6.569855608,0,4.087462841,0,0,0,3.321928095,6.087462841,2.807354922,1,7.303780748,0,0,2,10.10721708,7.139551352,0
S15-764-2,S15,764,2,S15_764,0,0,6,0,0,0,509,4,0,1,36,0,0,92,0,1,0,847,1,0,0,191,0,0,265,265,61,0,0,0,2.807354922,0,0,0,8.994353437,2.321928095,0,1,5.209453366,0,0,6.539158811,0,1,0,9.727920455,1,0,0,7.584962501,0,0,8.055282436,8.055282436,5.95419631,0
S9-764-1,S9,764,1,S9_764,0,1,0,0,0,46,1240,0,0,1,35,0,0,1,0,46,81,316,318,0,0,91,0,0,46,1231,1,0,0,1,0,0,0,5.554588852,10.2772874,0,0,1,5.169925001,0,0,1,0,5.554588852,6.357552005,8.30833903,8.317412614,0,0,6.523561956,0,0,5.554588852,10.26678654,1,0
S2-764-1,S2,764,1,S2_764,0,0,1,0,0,167,1305,11,0,0,2,0,0,40,0,0,0,1,0,2,62,383,0,0,0,11,583,0,0,0,1,0,0,7.392317423,10.35093918,3.584962501,0,0,1.584962501,0,0,5.357552005,0,0,0,1,0,1.584962501,5.977279923,8.584962501,0,0,0,3.584962501,9.189824559,0
S18-764-1,S18,764,1,S18_764,0,0,1,0,0,0,760,4,0,163,250,2,0,3,0,0,0,3,1949,0,0,521,0,0,3,29,1612,0,0,0,1,0,0,0,9.571752644,2.321928095,0,7.357552005,7.971543554,1.584962501,0,2,0,0,0,2,10.92925841,0,0,9.027905997,0,0,2,4.906890596,10.65553072,0
S19-764-2,S19,764,2,S19_764,0,0,1,0,0,35,593,1,0,0,48,0,0,154,0,2,1,170,0,6,0,195,0,0,163,406,13,0,0,0,1,0,0,5.169925001,9.214319121,1,0,0,5.614709844,0,0,7.276124405,0,1.584962501,1,7.417852515,0,2.807354922,0,7.614709844,0,0,7.357552005,8.668884984,3.807354922,0
S12-764-1,S12,764,1,S12_764,0,0,4,0,0,527,988,2,0,0,378,0,0,0,0,0,0,952,0,0,0,77,0,0,429,2265,4,0,0,0,2.321928095,0,0,9.044394119,9.949826711,1.584962501,0,0,8.566054038,0,0,0,0,0,0,9.896332404,0,0,0,6.285402219,0,0,8.74819285,11.14593215,2.321928095,0
S22-764-1,S22,764,1,S22_764,5,0,4,0,0,79,925,3,1,2,1,0,0,1,0,0,0,1,0,0,0,941,0,0,0,1377,3,0,2.584962501,0,2.321928095,0,0,6.321928095,9.854868383,2,1,1.584962501,1,0,0,1,0,0,0,1,0,0,0,9.87958325,0,0,0,10.42836017,2,0
S16-764-2,S16,764,2,S16_764,0,0,0,0,0,0,181,0,0,1,99,0,0,42,0,0,0,9,0,1,10,42,0,0,241,386,3,0,0,0,0,0,0,0,7.50779464,0,0,1,6.64385619,0,0,5.426264755,0,0,0,3.321928095,0,1,3.459431619,5.426264755,0,0,7.918863237,8.596189756,2,0
S24-764-1,S24,764,1,S24_764,0,0,3,0,0,4,2268,4,2,0,86,0,0,75,0,0,1,3,0,0,0,411,0,0,595,2244,3,0,0,0,2,0,0,2.321928095,11.14784089,2.321928095,1.584962501,0,6.442943496,0,0,6.247927513,0,0,1,2,0,0,0,8.686500527,0,0,9.21916852,11.13249973,2,0
S14-764-1,S14,764,1,S14_764,0,0,2,0,0,1,47,1,0,0,6,0,0,4,0,0,0,2,1,0,0,4,0,0,1,415,331,0,0,0,1.584962501,0,0,1,5.584962501,1,0,0,2.807354922,0,0,2.321928095,0,0,0,1.584962501,1,0,0,2.321928095,0,0,1,8.700439718,8.375039431,0
S7-764-1,S7,764,1,S7_764,0,0,3,0,0,0,1360,0,0,99,324,0,0,0,0,0,0,0,0,0,0,523,0,0,2,20,392,0,0,0,2,0,0,0,10.41045135,0,0,6.64385619,8.344295908,0,0,0,0,0,0,0,0,0,0,9.033423002,0,0,1.584962501,4.392317423,8.618385502,0
S4-764-1,S4,764,1,S4_764,0,0,3,0,0,3,91,1228,0,0,107,0,0,255,0,0,2,478,0,0,42,133,0,1,1,854,3,0,0,0,2,0,0,2,6.523561956,10.2632692,0,0,6.754887502,0,0,8,0,0,1.584962501,8.903881846,0,0,5.426264755,7.06608919,0,1,1,9.73978061,2,0
S9-764-2,S9,764,2,S9_764,0,0,1,0,0,32,1269,0,0,0,16,1,0,0,1,17,11,380,271,0,0,153,0,0,47,1218,4,0,0,0,1,0,0,5.044394119,10.31061278,0,0,0,4.087462841,1,0,0,1,4.169925001,3.584962501,8.573647187,8.087462841,0,0,7.266786541,0,0,5.584962501,10.25148241,2.321928095,0
S3-764-1,S3,764,1,S3_764,0,0,6,0,0,29,1905,15,0,0,55,0,0,159,0,0,0,155,1,0,6,207,0,0,91,463,1,0,0,0,2.807354922,0,0,4.906890596,10.8963324,4,0,0,5.807354922,0,0,7.321928095,0,0,0,7.285402219,1,0,2.807354922,7.700439718,0,0,6.523561956,8.857980995,1,0
S15-764-1,S15,764,1,S15_764,0,0,3,0,0,0,516,0,0,0,40,0,0,173,0,29,0,954,1,0,1,319,0,0,374,346,76,0,0,0,2,0,0,0,9.01402047,0,0,0,5.357552005,0,0,7.442943496,0,4.906890596,0,9.899356923,1,0,1,8.321928095,0,0,8.550746785,8.438791853,6.266786541,0
S5-764-2,S5,764,2,S5_764,1,9,1,11,0,2,74,2,0,137,576,0,0,2037,71,0,0,4,0,1,72,302,0,0,0,1072,4,0,1,3.321928095,1,3.584962501,0,1.584962501,6.22881869,1.584962501,0,7.108524457,9.172427509,0,0,10.99293834,6.169925001,0,0,2.321928095,0,1,6.189824559,8.243173983,0,0,0,10.06743436,2.321928095,0
S21-764-2,S21,764,2,S21_764,0,0,12,4,0,0,3243,61,0,0,211,0,0,3,0,0,0,0,0,121,0,663,0,0,0,934,3,0,0,0,3.700439718,2.321928095,0,0,11.6635581,5.95419631,0,0,7.727920455,0,0,2,0,0,0,0,0,6.930737338,0,9.375039431,0,0,0,9.868822555,2,0
S22-764-2,S22,764,2,S22_764,3,0,4,0,0,83,1236,2,0,5,2,0,0,1,0,0,0,0,0,0,0,939,0,0,0,1513,4,0,2,0,2.321928095,0,0,6.392317423,10.27262978,1.584962501,0,2.584962501,1.584962501,0,0,1,0,0,0,0,0,0,0,9.876516947,0,0,0,10.56414949,2.321928095,0
S4-764-2,S4,764,2,S4_764,0,0,3,0,0,0,110,1019,0,0,90,0,0,351,0,0,0,405,1,0,18,187,0,5,1,731,2,3,0,0,2,0,0,0,6.794415866,9.994353437,0,0,6.50779464,0,0,8.459431619,0,0,0,8.665335917,1,0,4.247927513,7.554588852,0,2.584962501,1,9.515699838,1.584962501,2
S17-764-1,S17,764,1,S17_764,0,0,13,0,0,0,960,3,0,0,3,0,0,3,9,0,0,2,0,0,0,3,0,0,0,1203,173,0,0,0,3.807354922,0,0,0,9.908392621,2,0,0,2,0,0,2,3.321928095,0,0,1.584962501,0,0,0,2,0,0,0,10.23361968,7.442943496,0
S14-764-2,S14,764,2,S14_764,0,0,0,0,0,0,29,2,0,0,1,0,0,0,0,0,0,0,0,0,0,8,0,0,0,217,152,0,0,0,0,0,0,0,4.906890596,1.584962501,0,0,1,0,0,0,0,0,0,0,0,0,0,3.169925001,0,0,0,7.768184325,7.257387843,0
S20-764-2,S20,764,2,S20_764,0,0,0,0,0,33,154,2,0,9,139,0,0,441,0,0,0,0,0,0,15,227,0,0,1,372,1,0,0,0,0,0,0,5.087462841,7.276124405,1.584962501,0,3.321928095,7.129283017,0,0,8.787902559,0,0,0,0,0,0,4,7.832890014,0,0,1,8.54303182,1,0
S24-764-2,S24,764,2,S24_764,0,0,1,0,0,9,1690,1,1,0,84,0,0,187,0,1,0,5,0,0,0,414,0,0,714,2068,1,2,0,0,1,0,0,3.321928095,10.72366094,1,1,0,6.409390936,0,0,7.554588852,0,1,0,2.584962501,0,0,0,8.696967526,0,0,9.481799432,11.01471793,1,1.584962501
S18-764-2,S18,764,2,S18_764,0,0,11,0,0,0,757,3,0,163,357,0,0,2,0,0,0,5,1575,0,2,408,0,0,0,17,1277,0,0,0,3.584962501,0,0,0,9.566054038,2,0,7.357552005,8.483815777,0,0,1.584962501,0,0,0,2.584962501,10.62205182,0,1.584962501,8.675957033,0,0,0,4.169925001,10.31967212,0
S1-764-1,S1,764,1,S1_764,0,0,1,0,0,14,597,2,0,0,91,0,0,447,2,0,0,927,7,8,0,146,0,0,87,539,1,0,0,0,1,0,0,3.906890596,9.224001674,1.584962501,0,0,6.523561956,0,0,8.807354922,1.584962501,0,0,9.857980995,3,3.169925001,0,7.199672345,0,0,6.459431619,9.076815597,1,0
S20-764-1,S20,764,1,S20_764,0,1,0,0,0,48,229,0,0,23,176,0,0,240,0,0,0,2,2,0,2,232,0,0,0,399,0,0,0,1,0,0,0,5.614709844,7.845490051,0,0,4.584962501,7.46760555,0,0,7.912889336,0,0,0,1.584962501,1.584962501,0,1.584962501,7.864186145,0,0,0,8.64385619,0,0
S5-764-1,S5,764,1,S5_764,0,1,0,0,0,1,87,0,0,129,516,0,0,2415,46,0,0,6,0,0,48,325,0,0,0,960,0,0,0,1,0,0,0,1,6.459431619,0,0,7.022367813,9.01402047,0,0,11.23840474,5.554588852,0,0,2.807354922,0,0,5.614709844,8.348728154,0,0,0,9.908392621,0,0
S1-764-2,S1,764,2,S1_764,0,1,7,0,0,10,314,0,0,0,51,0,0,355,0,0,0,853,9,8,0,112,0,0,92,596,2,0,0,1,3,0,0,3.459431619,8.299208018,0,0,0,5.700439718,0,0,8.475733431,0,0,0,9.73809226,3.321928095,3.169925001,0,6.820178962,0,0,6.539158811,9.221587121,1.584962501,0
S19-764-1,S19,764,1,S19_764,0,0,0,0,0,16,315,3,0,0,37,0,0,142,0,0,0,63,0,3,0,161,0,0,145,305,3,0,0,0,0,0,0,4.087462841,8.303780748,2,0,0,5.247927513,0,0,7.159871337,0,0,0,6,0,2,0,7.339850003,0,0,7.189824559,8.257387843,2,0
S16-764-1,S16,764,1,S16_764,0,0,2,0,0,0,106,5,0,0,73,0,0,24,0,0,0,16,0,0,23,52,0,1,229,329,1,0,0,0,1.584962501,0,0,0,6.741466986,2.584962501,0,0,6.209453366,0,0,4.64385619,0,0,0,4.087462841,0,0,4.584962501,5.727920455,0,1,7.845490051,8.366322214,1,0
S6-764-1,S6,764,1,S6_764,0,0,6,0,0,1,2456,5,0,207,380,139,0,20,1,0,0,4,104,7,0,185,0,0,1,1190,138,0,0,0,2.807354922,0,0,1,11.26268214,2.584962501,0,7.700439718,8.573647187,7.129283017,0,4.392317423,1,0,0,2.321928095,6.714245518,3,0,7.539158811,0,0,1,10.2179577,7.118941073,0
S2-764-2,S2,764,2,S2_764,0,0,2,1,0,156,1400,8,0,0,0,0,0,103,0,0,0,0,0,0,74,570,0,0,0,9,570,0,0,0,1.584962501,1,0,7.294620749,10.45224124,3.169925001,0,0,0,0,0,6.700439718,0,0,0,0,0,0,6.22881869,9.157346935,0,0,0,3.321928095,9.157346935,0
S21-764-1,S21,764,1,S21_764,0,0,5,0,0,0,3088,93,2,3,208,0,0,0,0,0,0,0,2,156,2,700,0,0,1,1033,2,0,0,0,2.584962501,0,0,0,11.59292416,6.554588852,1.584962501,2,7.707359132,0,0,0,0,0,0,0,1.584962501,7.294620749,1.584962501,9.453270634,0,0,1,10.01402047,1.584962501,0
S17-764-2,S17,764,2,S17_764,0,0,1,0,0,0,2621,2,0,0,8,0,0,0,30,0,0,0,1,0,2,3,0,0,0,1546,283,0,0,0,1,0,0,0,11.35645197,1.584962501,0,0,3.169925001,0,0,0,4.95419631,0,0,0,1,0,1.584962501,2,0,0,0,10.59525748,8.14974712,0
S7-764-2,S7,764,2,S7_764,0,0,4,2,0,2,976,3,0,108,188,0,0,5,0,0,0,2,0,0,0,484,0,0,0,3,312,0,0,0,2.321928095,1.584962501,0,1.584962501,9.932214752,2,0,6.768184325,7.562242424,0,0,2.584962501,0,0,0,1.584962501,0,0,0,8.921840937,0,0,0,2,8.290018847,0
S12-A554-2,S12,A554,2,S12_A554,0,0,0,0,0,178,278,1,0,0,216,0,0,4,3,0,0,742,0,0,0,24,0,0,307,872,3,0,0,0,0,0,0,7.483815777,8.124121312,1,0,0,7.761551232,0,0,2.321928095,2,0,0,9.537218401,0,0,0,4.64385619,0,0,8.266786541,9.769837844,2,0
S6-A554-2,S6,A554,2,S6_A554,0,0,4,0,0,1,994,4,0,233,356,29,0,8,4,0,0,4,46,7,0,155,0,0,0,1084,126,0,0,0,2.321928095,0,0,1,9.958552715,2.321928095,0,7.87036472,8.479780264,4.906890596,0,3.169925001,2.321928095,0,0,2.321928095,5.554588852,3,0,7.285402219,0,0,0,10.08347933,6.988684687,0
S3-A554-2,S3,A554,2,S3_A554,0,0,3,0,0,41,874,3,0,0,69,0,0,62,0,0,0,158,1,0,4,171,0,0,122,583,2,0,0,0,2,0,0,5.392317423,9.773139207,2,0,0,6.129283017,0,0,5.977279923,0,0,0,7.312882955,1,0,2.321928095,7.426264755,0,0,6.942514505,9.189824559,1.584962501,0
S15-A554-2,S15,A554,2,S15_A554,0,0,2,0,0,0,338,1,0,0,43,0,0,118,0,14,0,627,0,0,0,287,0,0,441,342,86,1,0,0,1.584962501,0,0,0,8.405141463,1,0,0,5.459431619,0,0,6.894817763,0,3.906890596,0,9.294620749,0,0,0,8.169925001,0,0,8.787902559,8.422064766,6.442943496,1
S9-A554-1,S9,A554,1,S9_A554,0,1,0,0,0,38,518,3,0,0,44,0,0,0,0,37,61,438,122,0,1,126,0,0,61,1338,4,0,0,1,0,0,0,5.285402219,9.019590728,2,0,0,5.491853096,0,0,0,0,5.247927513,5.95419631,8.77807713,6.942514505,0,1,6.988684687,0,0,5.95419631,10.38694025,2.321928095,0
S2-A554-1,S2,A554,1,S2_A554,0,0,0,0,0,210,701,22,0,1,2,0,0,38,0,0,1,2,0,1,131,533,1,0,0,27,735,0,0,0,0,0,0,7.721099189,9.45532722,4.523561956,0,1,1.584962501,0,0,5.285402219,0,0,1,1.584962501,0,1,7.044394119,9.060695932,1,0,0,4.807354922,9.523561956,0
S18-A554-1,S18,A554,1,S18_A554,0,0,0,0,0,2,501,2,0,266,549,0,0,1,0,0,0,3,682,0,0,636,0,0,1,34,2278,0,0,0,0,0,0,1.584962501,8.971543554,1.584962501,0,8.060695932,9.103287808,0,0,1,0,0,0,2,9.415741768,0,0,9.315149562,0,0,1,5.129283017,11.15418521,0
S20-A554-1,S20,A554,1,S20_A554,0,4,1,0,0,66,264,2,0,40,209,0,0,300,0,1,0,2,0,0,10,309,0,0,0,509,8,0,0,2.321928095,1,0,0,6.06608919,8.049848549,1.584962501,0,5.357552005,7.714245518,0,0,8.233619677,0,1,0,1.584962501,0,0,3.459431619,8.276124405,0,0,0,8.994353437,3.169925001,0
S19-A554-2,S19,A554,2,S19_A554,0,0,1,1,0,16,295,4,0,0,41,0,0,110,0,0,0,147,0,6,0,196,0,0,203,471,12,0,0,0,1,1,0,4.087462841,8.209453366,2.321928095,0,0,5.392317423,0,0,6.794415866,0,0,0,7.209453366,0,2.807354922,0,7.622051819,0,0,7.672425342,8.882643049,3.700439718,0
S12-A554-1,S12,A554,1,S12_A554,0,0,0,0,0,159,502,2,0,0,273,0,0,0,0,2,2,1119,1,0,0,38,0,0,318,1053,1,0,0,0,0,0,0,7.321928095,8.97441459,1.584962501,0,0,8.098032083,0,0,0,0,1.584962501,1.584962501,10.12928302,1,0,0,5.285402219,0,0,8.317412614,10.04165915,1,0
S22-A554-1,S22,A554,1,S22_A554,1,0,5,0,0,84,512,2,0,3,1,0,0,2,0,0,0,0,0,0,1,714,0,0,1,984,2,0,1,0,2.584962501,0,0,6.409390936,9.002815016,1.584962501,0,2,1,0,0,1.584962501,0,0,0,0,0,0,1,9.481799432,0,0,1,9.943979914,1.584962501,0
S24-A554-1,S24,A554,1,S24_A554,0,0,2,0,0,8,1322,0,1,0,82,0,0,65,0,0,0,3,1,0,0,353,0,0,567,2222,3,0,0,0,1.584962501,0,0,3.169925001,10.36959735,0,1,0,6.375039431,0,0,6.044394119,0,0,0,2,1,0,0,8.46760555,0,0,9.14974712,11.11829223,2,0
S14-A554-1,S14,A554,1,S14_A554,0,0,1,0,0,3,27,1,0,0,3,0,0,0,0,0,0,2,0,0,0,1,0,0,2,169,191,0,0,0,1,0,0,2,4.807354922,1,0,0,2,0,0,0,0,0,0,1.584962501,0,0,0,1,0,0,1.584962501,7.409390936,7.584962501,0
S16-A554-2,S16,A554,2,S16_A554,0,0,2,1,0,0,142,0,0,2,126,0,0,13,0,0,0,34,0,0,39,67,0,0,344,458,0,0,0,0,1.584962501,1,0,0,7.159871337,0,0,1.584962501,6.988684687,0,0,3.807354922,0,0,0,5.129283017,0,0,5.321928095,6.087462841,0,0,8.430452552,8.842350343,0,0
S7-A554-1,S7,A554,1,S7_A554,2,0,1,2,0,0,857,2,0,154,332,0,0,0,0,0,0,2,0,0,0,589,0,0,2,10,558,0,1.584962501,0,1,1.584962501,0,0,9.744833837,1.584962501,0,7.276124405,8.379378367,0,0,0,0,0,0,1.584962501,0,0,0,9.204571144,0,0,1.584962501,3.459431619,9.126704473,0
S4-A554-1,S4,A554,1,S4_A554,1,0,2,0,0,0,109,806,0,0,105,0,0,231,0,0,0,466,0,1,41,128,0,13,4,506,4,4,1,0,1.584962501,0,0,0,6.781359714,9.656424863,0,0,6.727920455,0,0,7.857980995,0,0,0,8.86727874,0,1,5.392317423,7.011227255,0,3.807354922,2.321928095,8.985841937,2.321928095,2.321928095
S9-A554-2,S9,A554,2,S9_A554,0,0,0,2,0,35,640,2,0,1,60,0,0,0,0,21,81,412,168,0,0,125,0,0,63,1409,4,0,0,0,0,1.584962501,0,5.169925001,9.324180547,1.584962501,0,1,5.930737338,0,0,0,0,4.459431619,6.357552005,8.689997971,7.400879436,0,0,6.977279923,0,0,6,10.46147945,2.321928095,0
S3-A554-1,S3,A554,1,S3_A554,0,1,4,0,0,43,981,8,0,0,84,0,0,77,0,1,0,172,0,0,16,256,0,0,133,598,2,0,0,1,2.321928095,0,0,5.459431619,9.939579214,3.169925001,0,0,6.409390936,0,0,6.285402219,0,1,0,7.434628228,0,0,4.087462841,8.005624549,0,0,7.06608919,9.226412193,1.584962501,0
S5-A554-2,S5,A554,2,S5_A554,0,5,0,2,0,0,55,1,0,153,550,0,0,1087,50,0,1,3,2,1,165,299,0,0,0,1105,5,0,0,2.584962501,0,1.584962501,0,0,5.807354922,1,0,7.266786541,9.105908509,0,0,10.08746284,5.672425342,0,1,2,1.584962501,1,7.375039431,8.22881869,0,0,0,10.11113567,2.584962501,0
S15-A554-1,S15,A554,1,S15_A554,0,0,0,1,0,0,366,1,0,1,41,0,0,79,1,9,0,603,0,0,0,279,0,0,417,372,61,0,0,0,0,1,0,0,8.519636253,1,0,1,5.392317423,0,0,6.321928095,1,3.321928095,0,9.238404739,0,0,0,8.129283017,0,0,8.707359132,8.54303182,5.95419631,0
S21-A554-2,S21,A554,2,S21_A554,0,0,3,0,0,1,1790,119,0,1,340,0,0,1,0,0,0,0,0,233,9,669,0,0,1,1336,0,0,0,0,2,0,0,1,10.80654962,6.906890596,0,1,8.413627929,0,0,1,0,0,0,0,0,7.87036472,3.321928095,9.388017285,0,0,1,10.38478375,0,0
S22-A554-2,S22,A554,2,S22_A554,1,0,0,0,0,64,634,4,0,2,0,0,0,3,2,0,0,0,0,0,0,880,0,0,1,1646,3,0,1,0,0,0,0,6.022367813,9.310612782,2.321928095,0,1.584962501,0,0,0,2,1.584962501,0,0,0,0,0,0,9.782998209,0,0,1,10.68562484,2,0
S4-A554-2,S4,A554,2,S4_A554,0,0,4,1,0,0,133,916,0,0,104,1,0,204,0,0,0,393,0,0,51,223,0,8,2,500,1,5,0,0,2.321928095,1,0,0,7.06608919,9.840777924,0,0,6.714245518,1,0,7.6794801,0,0,0,8.622051819,0,0,5.700439718,7.807354922,0,3.169925001,1.584962501,8.968666793,1,2.584962501
S14-A554-2,S14,A554,2,S14_A554,0,0,0,0,0,0,11,8,0,0,0,0,0,1,0,0,0,0,0,0,0,2,0,0,0,53,71,0,0,0,0,0,0,0,3.584962501,3.169925001,0,0,0,0,0,1,0,0,0,0,0,0,0,1.584962501,0,0,0,5.754887502,6.169925001,0
S17-A554-1,S17,A554,1,S17_A554,0,0,6,0,0,0,900,1,0,0,3,0,0,2,20,0,0,0,0,0,0,0,0,0,1,1136,260,0,0,0,2.807354922,0,0,0,9.815383296,1,0,0,2,0,0,1.584962501,4.392317423,0,0,0,0,0,0,0,0,0,1,10.15101654,8.027905997,0
S20-A554-2,S20,A554,2,S20_A554,3,1,0,0,0,38,183,8,0,43,173,0,0,268,0,0,0,0,0,0,6,297,0,0,0,596,1,0,2,1,0,0,0,5.285402219,7.523561956,3.169925001,0,5.459431619,7.442943496,0,0,8.071462363,0,0,0,0,0,0,2.807354922,8.21916852,0,0,0,9.221587121,1,0
S24-A554-2,S24,A554,2,S24_A554,0,0,6,0,0,4,1133,0,0,0,99,0,0,117,0,0,0,1,1,0,0,429,0,0,662,2500,2,0,0,0,2.807354922,0,0,2.321928095,10.14720492,0,0,0,6.64385619,0,0,6.882643049,0,0,0,1,1,0,0,8.74819285,0,0,9.37286506,11.28828934,1.584962501,0
S18-A554-2,S18,A554,2,S18_A554,0,0,9,0,1,0,572,2,0,281,412,0,0,4,0,0,0,0,815,0,0,497,0,0,3,30,1588,0,0,0,3.321928095,0,1,0,9.162391329,1.584962501,0,8.139551352,8.689997971,0,0,2.321928095,0,0,0,0,9.672425342,0,0,8.960001932,0,0,2,4.95419631,10.63390341,0
S1-A554-1,S1,A554,1,S1_A554,0,0,3,1,0,24,255,1,0,1,87,0,0,190,0,0,0,410,3,4,0,163,0,0,83,649,2,0,0,0,2,1,0,4.64385619,8,1,0,1,6.459431619,0,0,7.577428828,0,0,0,8.682994584,2,2.321928095,0,7.357552005,0,0,6.392317423,9.344295908,1.584962501,0
S5-A554-1,S5,A554,1,S5_A554,1,3,0,1,0,3,48,0,0,318,687,0,0,1403,62,0,0,0,1,2,90,352,0,0,4,1067,5,0,1,2,0,1,0,2,5.614709844,0,0,8.317412614,9.426264755,0,0,10.45532722,5.977279923,0,0,0,1,1.584962501,6.50779464,8.463524373,0,0,2.321928095,10.06069593,2.584962501,0
S19-A554-1,S19,A554,1,S19_A554,1,0,1,0,0,23,290,0,0,0,40,0,0,111,0,0,0,96,0,6,0,156,0,0,221,438,19,0,1,0,1,0,0,4.584962501,8.184875343,0,0,0,5.357552005,0,0,6.807354922,0,0,0,6.599912842,0,2.807354922,0,7.294620749,0,0,7.794415866,8.77807713,4.321928095,0
S16-A554-1,S16,A554,1,S16_A554,0,0,2,0,0,0,147,2,0,3,111,0,0,13,0,0,0,31,1,1,23,76,0,0,417,392,2,0,0,0,1.584962501,0,0,0,7.209453366,1.584962501,0,2,6.807354922,0,0,3.807354922,0,0,0,5,1,1,4.584962501,6.266786541,0,0,8.707359132,8.618385502,1.584962501,0
S6-A554-1,S6,A554,1,S6_A554,0,0,1,0,0,1,1196,4,0,324,467,38,0,10,0,0,0,7,196,13,1,231,0,0,0,1554,160,0,0,0,1,0,0,1,10.22520744,2.321928095,0,8.344295908,8.87036472,5.285402219,0,3.459431619,0,0,0,3,7.622051819,3.807354922,1,7.857980995,0,0,0,10.60269887,7.330916878,0
S2-A554-2,S2,A554,2,S2_A554,0,0,0,0,0,186,621,7,0,2,3,0,0,93,0,0,0,0,1,0,118,404,0,0,2,7,696,0,0,0,0,0,0,7.54689446,9.28077077,3,0,1.584962501,2,0,0,6.554588852,0,0,0,0,1,0,6.894817763,8.661778098,0,0,1.584962501,3,9.445014846,0
S1-A554-2,S1,A554,2,S1_A554,0,0,0,0,0,21,273,0,0,1,121,0,0,196,1,0,0,521,5,4,0,150,0,0,113,775,3,0,0,0,0,0,0,4.459431619,8.098032083,0,0,1,6.930737338,0,0,7.622051819,1,0,0,9.027905997,2.584962501,2.321928095,0,7.238404739,0,0,6.832890014,9.599912842,2,0
S21-A554-1,S21,A554,1,S21_A554,1,0,3,0,0,2,2417,111,0,0,258,0,0,2,0,0,0,0,0,216,3,765,0,0,6,1268,7,0,1,0,2,0,0,1.584962501,11.23959853,6.807354922,0,0,8.016808288,0,0,1.584962501,0,0,0,0,0,7.761551232,2,9.581200582,0,0,2.807354922,10.30947635,3,0
S17-A554-2,S17,A554,2,S17_A554,0,0,3,0,0,0,712,1,0,0,5,0,0,2,17,0,0,0,2,1,0,1,0,0,1,1042,170,0,0,0,2,0,0,0,9.477758266,1,0,0,2.584962501,0,0,1.584962501,4.169925001,0,0,0,1.584962501,1,0,1,0,0,1,10.02652344,7.417852515,0
S7-A554-2,S7,A554,2,S7_A554,0,0,1,0,0,0,620,1,0,84,339,0,0,1,0,0,0,0,0,0,0,513,0,0,0,5,476,0,0,0,1,0,0,0,9.278449458,1,0,6.409390936,8.409390936,0,0,1,0,0,0,0,0,0,0,9.005624549,0,0,0,2.584962501,8.897845456,0
S12-B57-2,S12,B57,2,S12_B57,0,0,0,2,0,141,560,3,0,0,242,0,0,3,0,0,0,752,2,0,0,20,0,0,231,818,1,0,0,0,0,1.584962501,0,7.14974712,9.131856961,2,0,0,7.924812504,0,0,2,0,0,0,9.556506055,1.584962501,0,0,4.392317423,0,0,7.857980995,9.677719642,1,0
S3-B57-2,S3,B57,2,S3_B57,0,0,1,0,0,35,302,2,0,0,92,0,0,38,0,0,0,149,2,0,7,139,0,1,148,604,2,0,0,0,1,0,0,5.169925001,8.243173983,1.584962501,0,0,6.539158811,0,0,5.285402219,0,0,0,7.22881869,1.584962501,0,3,7.129283017,0,1,7.21916852,9.240791332,1.584962501,0
S15-B57-2,S15,B57,2,S15_B57,1,0,1,0,5,2,369,0,0,0,48,0,0,115,0,10,0,418,0,0,0,245,0,0,461,458,57,0,1,0,1,0,2.584962501,1.584962501,8.531381461,0,0,0,5.614709844,0,0,6.857980995,0,3.459431619,0,8.710806434,0,0,0,7.942514505,0,0,8.851749041,8.842350343,5.857980995,0
S6-B57-2,S6,B57,2,S6_B57,0,0,7,0,0,0,1023,0,0,246,345,97,0,15,1,0,0,0,61,8,0,176,0,0,1,1200,145,0,0,0,3,0,0,0,10,0,0,7.948367232,8.434628228,6.614709844,0,4,1,0,0,0,5.95419631,3.169925001,0,7.46760555,0,0,1,10.23002044,7.189824559,0
S9-B57-1,S9,B57,1,S9_B57,0,0,1,0,0,52,397,3,0,0,67,0,0,2,0,36,77,347,85,0,0,83,0,0,58,1084,6,0,0,0,1,0,0,5.727920455,8.636624621,2,0,0,6.087462841,0,0,1.584962501,0,5.209453366,6.285402219,8.442943496,6.426264755,0,0,6.392317423,0,0,5.882643049,10.08347933,2.807354922,0
S2-B57-1,S2,B57,1,S2_B57,0,1,0,0,0,191,661,16,0,0,2,0,0,128,0,0,0,0,0,0,91,493,0,0,0,19,617,0,0,1,0,0,0,7.584962501,9.370687407,4.087462841,0,0,1.584962501,0,0,7.011227255,0,0,0,0,0,0,6.523561956,8.948367232,0,0,0,4.321928095,9.271463028,0
S18-B57-1,S18,B57,1,S18_B57,0,0,4,0,1,0,339,0,0,175,379,0,1,0,0,0,0,0,641,0,0,381,0,0,1,29,1804,0,0,0,2.321928095,0,1,0,8.409390936,0,0,7.459431619,8.569855608,0,1,0,0,0,0,0,9.326429487,0,0,8.577428828,0,0,1,4.906890596,10.81778312,0
S19-B57-2,S19,B57,2,S19_B57,3,0,2,0,0,22,355,0,0,0,54,0,0,175,0,1,0,159,1,16,0,242,0,0,182,439,10,0,2,0,1.584962501,0,0,4.523561956,8.475733431,0,0,0,5.781359714,0,0,7.459431619,0,1,0,7.321928095,1,4.087462841,0,7.924812504,0,0,7.515699838,8.781359714,3.459431619,0
S12-B57-1,S12,B57,1,S12_B57,0,0,0,1,0,150,530,1,0,0,186,0,0,0,0,0,1,642,0,0,0,46,0,0,242,747,3,0,0,0,0,1,0,7.238404739,9.052568051,1,0,0,7.54689446,0,0,0,0,0,1,9.328674927,0,0,0,5.554588852,0,0,7.924812504,9.54689446,2,0
S20-B57-1,S20,B57,1,S20_B57,0,0,3,0,0,106,405,0,0,40,223,0,0,173,0,0,0,1,0,0,13,391,0,0,2,590,0,0,0,0,2,0,0,6.741466986,8.665335917,0,0,5.357552005,7.807354922,0,0,7.442943496,0,0,0,1,0,0,3.807354922,8.614709844,0,0,1.584962501,9.20701432,0,0
S22-B57-1,S22,B57,1,S22_B57,3,0,3,0,0,69,420,3,0,1,1,0,0,0,0,0,0,0,1,0,0,612,0,0,1,950,3,0,2,0,2,0,0,6.129283017,8.717676423,2,0,1,1,0,0,0,0,0,0,0,1,0,0,9.259743264,0,0,1,9.893301531,2,0
S24-B57-1,S24,B57,1,S24_B57,0,1,11,0,0,5,1108,2,0,4,109,0,0,101,0,0,0,2,2,0,0,429,0,0,756,2259,5,0,0,1,3.584962501,0,0,2.584962501,10.11504365,1.584962501,0,2.321928095,6.781359714,0,0,6.672425342,0,0,0,1.584962501,1.584962501,0,0,8.74819285,0,0,9.56414949,11.14210706,2.584962501,0
S14-B57-1,S14,B57,1,S14_B57,0,0,0,0,0,0,28,4,0,0,1,0,0,2,0,1,0,1,0,0,0,5,0,0,0,256,166,0,0,0,0,0,0,0,4.857980995,2.321928095,0,0,1,0,0,1.584962501,0,1,0,1,0,0,0,2.584962501,0,0,0,8.005624549,7.383704292,0
S7-B57-1,S7,B57,1,S7_B57,0,0,3,5,0,0,601,3,0,109,390,0,0,1,0,0,0,0,1,0,0,543,0,0,1,16,478,1,0,0,2,2.584962501,0,0,9.233619677,2,0,6.781359714,8.611024797,0,0,1,0,0,0,0,1,0,0,9.087462841,0,0,1,4.087462841,8.903881846,1
S16-B57-2,S16,B57,2,S16_B57,0,0,0,0,0,0,163,2,0,1,138,0,0,68,0,0,0,30,0,0,39,61,0,0,331,429,4,0,0,0,0,0,0,0,7.357552005,1.584962501,0,1,7.118941073,0,0,6.108524457,0,0,0,4.95419631,0,0,5.321928095,5.95419631,0,0,8.375039431,8.74819285,2.321928095,0
S4-B57-1,S4,B57,1,S4_B57,0,0,0,0,0,0,76,996,0,0,189,0,0,147,0,0,0,543,0,0,39,156,0,3,1,564,2,0,0,0,0,0,0,0,6.266786541,9.961449694,0,0,7.569855608,0,0,7.209453366,0,0,0,9.087462841,0,0,5.321928095,7.294620749,0,2,1,9.142107057,1.584962501,0
S9-B57-2,S9,B57,2,S9_B57,0,0,1,0,0,44,539,0,0,0,43,0,0,1,0,23,56,355,113,0,0,132,0,0,62,1143,0,0,0,0,1,0,0,5.491853096,9.076815597,0,0,0,5.459431619,0,0,1,0,4.584962501,5.832890014,8.475733431,6.832890014,0,0,7.055282436,0,0,5.977279923,10.15987134,0,0
S3-B57-1,S3,B57,1,S3_B57,0,1,2,0,0,45,822,8,0,0,69,0,0,139,0,0,0,131,1,0,10,189,0,0,124,490,3,0,0,1,1.584962501,0,0,5.523561956,9.68474862,3.169925001,0,0,6.129283017,0,0,7.129283017,0,0,0,7.044394119,1,0,3.459431619,7.569855608,0,0,6.965784285,8.939579214,2,0
S5-B57-2,S5,B57,2,S5_B57,0,0,0,1,0,1,90,0,1,153,589,0,1,1141,64,0,0,2,2,0,113,311,0,0,2,1145,1,0,0,0,0,1,0,1,6.50779464,0,1,7.266786541,9.204571144,0,1,10.15734694,6.022367813,0,0,1.584962501,1.584962501,0,6.832890014,8.285402219,0,0,1.584962501,10.16239133,1,0
S21-B57-2,S21,B57,2,S21_B57,0,0,3,0,0,0,1824,144,1,0,274,0,0,0,0,0,0,0,0,184,1,748,0,0,0,1349,2,0,0,0,2,0,0,0,10.83368075,7.17990909,1,0,8.103287808,0,0,0,0,0,0,0,0,7.531381461,1,9.548821908,0,0,0,10.39874369,1.584962501,0
S22-B57-2,S22,B57,2,S22_B57,1,0,2,0,0,101,842,2,0,5,0,0,0,5,1,0,0,0,0,0,0,1162,0,0,1,1795,2,0,1,0,1.584962501,0,0,6.672425342,9.719388821,1.584962501,0,2.584962501,0,0,0,2.584962501,1,0,0,0,0,0,0,10.18363538,0,0,1,10.81057163,1.584962501,0
S4-B57-2,S4,B57,2,S4_B57,0,0,6,0,0,0,62,886,0,1,133,0,0,72,0,0,0,514,1,0,37,137,0,2,0,423,2,4,0,0,2.807354922,0,0,0,5.977279923,9.792790294,0,1,7.06608919,0,0,6.189824559,0,0,0,9.008428622,1,0,5.247927513,7.108524457,0,1.584962501,0,8.727920455,1.584962501,2.321928095
S14-B57-2,S14,B57,2,S14_B57,0,0,0,0,0,0,7,2,0,1,0,0,0,0,0,0,0,0,0,0,0,7,0,0,3,57,55,0,0,0,0,0,0,0,3,1.584962501,0,1,0,0,0,0,0,0,0,0,0,0,0,3,0,0,2,5.857980995,5.807354922,0
S20-B57-2,S20,B57,2,S20_B57,3,1,1,0,0,93,236,8,0,23,247,0,0,374,0,0,0,5,0,0,25,370,0,0,0,602,0,0,2,1,1,0,0,6.554588852,7.888743249,3.169925001,0,4.584962501,7.95419631,0,0,8.550746785,0,0,0,2.584962501,0,0,4.700439718,8.535275377,0,0,0,9.236014192,0,0
S17-B57-1,S17,B57,1,S17_B57,0,0,20,0,0,0,1553,2,1,0,5,0,0,2,33,1,0,9,0,0,0,2,0,0,0,1554,300,0,0,0,4.392317423,0,0,0,10.60177079,1.584962501,1,0,2.584962501,0,0,1.584962501,5.087462841,1,0,3.321928095,0,0,0,1.584962501,0,0,0,10.60269887,8.233619677,0
S24-B57-2,S24,B57,2,S24_B57,0,0,7,0,1,8,1007,5,0,0,86,0,0,164,0,0,0,4,1,1,0,386,0,0,750,1990,0,0,0,0,3,0,1,3.169925001,9.977279923,2.584962501,0,0,6.442943496,0,0,7.366322214,0,0,0,2.321928095,1,1,0,8.596189756,0,0,9.552669098,10.95927751,0,0
S18-B57-2,S18,B57,2,S18_B57,0,0,3,0,0,0,481,0,0,240,317,0,0,2,0,0,0,2,739,0,1,473,0,0,1,21,1590,0,0,0,2,0,0,0,8.912889336,0,0,7.912889336,8.312882955,0,0,1.584962501,0,0,0,1.584962501,9.531381461,0,1,8.888743249,0,0,1,4.459431619,10.63571812,0
S1-B57-1,S1,B57,1,S1_B57,0,0,8,1,0,22,191,1,0,2,100,0,0,230,0,0,0,361,4,7,2,148,0,0,114,657,1,0,0,0,3.169925001,1,0,4.523561956,7.584962501,1,0,1.584962501,6.658211483,0,0,7.851749041,0,0,0,8.499845887,2.321928095,3,1.584962501,7.21916852,0,0,6.845490051,9.361943774,1,0
S5-B57-1,S5,B57,1,S5_B57,0,2,0,1,0,1,79,0,0,182,588,0,2,1478,74,0,0,2,0,0,70,363,0,0,2,1056,3,0,0,1.584962501,0,1,0,1,6.321928095,0,0,7.515699838,9.202123824,0,1.584962501,10.53040634,6.22881869,0,0,1.584962501,0,0,6.14974712,8.50779464,0,0,1.584962501,10.04575966,2,0
S19-B57-1,S19,B57,1,S19_B57,0,0,2,0,0,38,407,0,0,0,60,0,0,135,0,0,0,108,0,9,0,215,0,0,315,385,19,0,0,0,1.584962501,0,0,5.285402219,8.672425342,0,0,0,5.930737338,0,0,7.087462841,0,0,0,6.768184325,0,3.321928095,0,7.754887502,0,0,8.303780748,8.592457037,4.321928095,0
S16-B57-1,S16,B57,1,S16_B57,0,0,0,0,0,0,247,0,0,3,108,0,0,47,0,0,0,35,1,0,33,57,0,1,337,447,2,0,0,0,0,0,0,0,7.95419631,0,0,2,6.768184325,0,0,5.584962501,0,0,0,5.169925001,1,0,5.087462841,5.857980995,0,1,8.400879436,8.807354922,1.584962501,0
S1-B57-2,S1,B57,2,S1_B57,0,0,1,0,0,28,445,0,0,0,120,0,0,288,0,0,0,564,9,4,0,254,0,0,126,767,1,0,0,0,1,0,0,4.857980995,8.8008999,0,0,0,6.918863237,0,0,8.174925683,0,0,0,9.142107057,3.321928095,2.321928095,0,7.994353437,0,0,6.988684687,9.584962501,1,0
S6-B57-1,S6,B57,1,S6_B57,0,0,5,0,0,0,1651,3,0,260,357,141,0,20,1,0,0,1,144,3,0,205,0,0,0,1151,152,0,0,0,2.584962501,0,0,0,10.68999797,2,0,8.027905997,8.483815777,7.14974712,0,4.392317423,1,0,0,1,7.17990909,2,0,7.686500527,0,0,0,10.169925,7.257387843,0
S2-B57-2,S2,B57,2,S2_B57,0,0,0,0,0,190,519,4,0,0,0,2,0,198,0,0,0,0,0,0,83,500,0,0,0,11,499,0,0,0,0,0,0,7.577428828,9.022367813,2.321928095,0,0,0,1.584962501,0,7.636624621,0,0,0,0,0,0,6.392317423,8.968666793,0,0,0,3.584962501,8.965784285,0
S21-B57-1,S21,B57,1,S21_B57,0,0,4,0,0,1,1825,118,0,1,243,0,0,3,0,0,0,0,2,143,1,654,0,0,0,1169,2,0,0,0,2.321928095,0,0,1,10.83447105,6.894817763,0,1,7.930737338,0,0,2,0,0,0,0,1.584962501,7.169925001,1,9.355351096,0,0,0,10.19229281,1.584962501,0
S17-B57-2,S17,B57,2,S17_B57,0,0,8,0,0,0,1359,3,0,0,8,0,0,3,23,0,0,3,0,0,0,0,0,0,1,1366,284,0,0,0,3.169925001,0,0,0,10.40939094,2,0,0,3.169925001,0,0,2,4.584962501,0,0,2,0,0,0,0,0,0,1,10.41679753,8.154818109,0
S7-B57-2,S7,B57,2,S7_B57,0,0,1,0,0,0,706,4,0,115,300,0,0,0,0,0,0,0,0,0,0,542,0,0,1,8,388,0,0,0,1,0,0,0,9.465566405,2.321928095,0,6.857980995,8.233619677,0,0,0,0,0,0,0,0,0,0,9.084808388,0,0,1,3.169925001,8.603626345,0
S15-B57-1,S15,B57,1,S15_B57,0,0,1,0,0,0,349,1,0,1,47,0,0,145,0,10,0,511,0,0,0,245,0,0,333,361,61,0,0,0,1,0,0,0,8.451211112,1,0,1,5.584962501,0,0,7.189824559,0,3.459431619,0,9,0,0,0,7.942514505,0,0,8.383704292,8.499845887,5.95419631,0
S12-FBB0-2,S12,FBB0,2,S12_FBB0,0,0,0,0,0,167,129,3,0,2,27,0,0,1,0,0,0,85,0,0,0,27,0,0,111,461,2,0,0,0,0,0,0,7.392317423,7.022367813,2,0,1.584962501,4.807354922,0,0,1,0,0,0,6.426264755,0,0,0,4.807354922,0,0,6.807354922,8.851749041,1.584962501,0
S3-FBB0-2,S3,FBB0,2,S3_FBB0,0,0,3,0,0,49,434,3,0,1,28,1,0,87,0,0,0,193,1,0,9,404,0,0,234,745,2,0,0,0,2,0,0,5.64385619,8.764871591,2,0,1,4.857980995,1,0,6.459431619,0,0,0,7.599912842,1,0,3.321928095,8.661778098,0,0,7.876516947,9.54303182,1.584962501,0
S6-FBB0-2,S6,FBB0,2,S6_FBB0,0,0,4,0,0,0,896,10,0,292,353,20,0,4,2,0,0,2,37,16,5,585,0,0,2,2538,400,0,0,0,2.321928095,0,0,0,9.808964175,3.459431619,0,8.194756854,8.46760555,4.392317423,0,2.321928095,1.584962501,0,0,1.584962501,5.247927513,4.087462841,2.584962501,9.194756854,0,0,1.584962501,11.31004468,8.647458426,0
S15-FBB0-2,S15,FBB0,2,S15_FBB0,0,0,0,0,0,0,134,3,0,0,37,0,0,57,0,374,0,533,0,0,0,459,0,1,701,653,94,0,0,0,0,0,0,0,7.076815597,2,0,0,5.247927513,0,0,5.857980995,0,8.550746785,0,9.060695932,0,0,0,8.845490051,0,1,9.45532722,9.353146825,6.569855608,0
S9-FBB0-1,S9,FBB0,1,S9_FBB0,0,0,3,0,0,114,178,1,0,2,25,0,0,1,0,1099,593,637,248,0,0,57,0,0,247,2644,3,2,0,0,2,0,0,6.845490051,7.483815777,1,0,1.584962501,4.700439718,0,0,1,0,10.10328781,9.214319121,9.317412614,7.960001932,0,0,5.857980995,0,0,7.95419631,11.36905201,2,1.584962501
S2-FBB0-1,S2,FBB0,1,S2_FBB0,0,7,1,0,0,355,118,3,0,0,3,0,0,86,0,0,0,2,0,0,105,335,2,0,3,10,722,0,0,3,1,0,0,8.475733431,6.894817763,2,0,0,2,0,0,6.442943496,0,0,0,1.584962501,0,0,6.727920455,8.392317423,1.584962501,0,2,3.459431619,9.497851837,0
S18-FBB0-1,S18,FBB0,1,S18_FBB0,0,0,1,0,0,2,175,0,0,311,469,0,0,4,0,2,0,1,335,1,0,450,0,0,2,60,2788,0,0,0,1,0,0,1.584962501,7.459431619,0,0,8.285402219,8.876516947,0,0,2.321928095,0,1.584962501,0,1,8.392317423,1,0,8.816983623,0,0,1.584962501,5.930737338,11.44553222,0
S19-FBB0-2,S19,FBB0,2,S19_FBB0,1,0,1,0,0,110,103,1,0,0,46,0,0,10,0,0,0,79,0,19,0,182,0,0,267,486,20,0,1,0,1,0,0,6.794415866,6.700439718,1,0,0,5.554588852,0,0,3.459431619,0,0,0,6.321928095,0,4.321928095,0,7.515699838,0,0,8.06608919,8.927777962,4.392317423,0
S12-FBB0-1,S12,FBB0,1,S12_FBB0,0,0,0,0,0,157,125,2,0,4,26,0,0,0,0,0,0,81,0,0,0,18,0,0,104,437,1,0,0,0,0,0,0,7.303780748,6.977279923,1.584962501,0,2.321928095,4.754887502,0,0,0,0,0,0,6.357552005,0,0,0,4.247927513,0,0,6.714245518,8.77478706,1,0
S20-FBB0-1,S20,FBB0,1,S20_FBB0,0,1,1,0,0,59,67,0,0,10,108,3,0,80,0,0,0,3,0,0,11,248,0,0,1,253,2,0,0,1,1,0,0,5.906890596,6.087462841,0,0,3.459431619,6.768184325,2,0,6.339850003,0,0,0,2,0,0,3.584962501,7.960001932,0,0,1,7.988684687,1.584962501,0
S22-FBB0-1,S22,FBB0,1,S22_FBB0,5,0,1,0,0,219,441,2,0,4,2,0,0,1,0,0,1,0,0,0,0,2689,0,0,0,1344,4,0,2.584962501,0,1,0,0,7.781359714,8.787902559,1.584962501,0,2.321928095,1.584962501,0,0,1,0,0,1,0,0,0,0,11.39339046,0,0,0,10.39339046,2.321928095,0
S24-FBB0-1,S24,FBB0,1,S24_FBB0,0,1,1,0,0,25,517,7,0,0,72,0,0,35,0,2,2,3,0,0,0,624,0,0,849,2662,3,0,0,1,1,0,0,4.700439718,9.016808288,3,0,0,6.189824559,0,0,5.169925001,0,1.584962501,1.584962501,2,0,0,0,9.28771238,0,0,9.731319031,11.37883671,2,0
S14-FBB0-1,S14,FBB0,1,S14_FBB0,0,0,0,0,0,0,10,1,0,0,5,0,0,3,0,0,0,4,1,0,0,10,0,0,0,26,12,0,0,0,0,0,0,0,3.459431619,1,0,0,2.584962501,0,0,2,0,0,0,2.321928095,1,0,0,3.459431619,0,0,0,4.754887502,3.700439718,0
S7-FBB0-1,S7,FBB0,1,S7_FBB0,2,0,0,0,0,0,248,2,0,386,535,0,0,2,0,0,0,2,0,0,0,1087,0,0,0,15,1249,0,1.584962501,0,0,0,0,0,7.960001932,1.584962501,0,8.596189756,9.06608919,0,0,1.584962501,0,0,0,1.584962501,0,0,0,10.08746284,0,0,0,4,10.28771238,0
S4-FBB0-1,S4,FBB0,1,S4_FBB0,0,0,0,0,0,0,45,1016,0,0,307,0,2,48,0,0,0,624,1,0,208,219,0,10,0,495,2,1,0,0,0,0,0,0,5.523561956,9.990103964,0,0,8.266786541,0,1.584962501,5.614709844,0,0,0,9.28771238,1,0,7.707359132,7.781359714,0,3.459431619,0,8.95419631,1.584962501,1
S16-FBB0-2,S16,FBB0,2,S16_FBB0,1,0,0,0,0,0,78,1,0,6,104,0,0,5,0,0,0,84,0,0,16,72,0,0,373,609,0,0,1,0,0,0,0,0,6.303780748,1,0,2.807354922,6.714245518,0,0,2.584962501,0,0,0,6.409390936,0,0,4.087462841,6.189824559,0,0,8.54689446,9.252665432,0,0
S9-FBB0-2,S9,FBB0,2,S9_FBB0,0,0,0,0,0,110,183,3,0,0,16,0,0,0,0,994,529,590,268,0,0,69,0,0,203,2641,3,0,0,0,0,0,0,6.794415866,7.523561956,2,0,0,4.087462841,0,0,0,0,9.958552715,9.049848549,9.20701432,8.071462363,0,0,6.129283017,0,0,7.672425342,11.36741475,2,0
S3-FBB0-1,S3,FBB0,1,S3_FBB0,3,0,4,0,0,110,682,4,0,1,51,0,0,135,0,0,0,269,3,0,25,648,0,0,349,915,3,0,2,0,2.321928095,0,0,6.794415866,9.415741768,2.321928095,0,1,5.700439718,0,0,7.087462841,0,0,0,8.076815597,2,0,4.700439718,9.342074668,0,0,8.451211112,9.839203788,2,0
S5-FBB0-2,S5,FBB0,2,S5_FBB0,0,5,0,3,0,0,13,0,0,250,577,1,4,466,60,0,1,9,0,0,100,694,0,0,1,1755,3,0,0,2.584962501,0,2,0,0,3.807354922,0,0,7.971543554,9.174925683,1,2.321928095,8.86727874,5.930737338,0,1,3.321928095,0,0,6.658211483,9.440869168,0,0,1,10.77807713,2,0
S21-FBB0-2,S21,FBB0,2,S21_FBB0,0,1,1,0,0,0,2182,122,1,0,242,0,0,1,0,0,0,0,0,364,9,1437,0,0,1,1892,4,0,0,1,1,0,0,0,11.09209641,6.942514505,1,0,7.924812504,0,0,1,0,0,0,0,0,8.511752654,3.321928095,10.48984796,0,0,1,10.8864587,2.321928095,0
S22-FBB0-2,S22,FBB0,2,S22_FBB0,16,0,2,0,0,212,366,4,0,3,5,0,0,2,0,0,0,2,0,1,0,2580,0,0,1,1529,0,0,4.087462841,0,1.584962501,0,0,7.73470962,8.519636253,2.321928095,0,2,2.584962501,0,0,1.584962501,0,0,0,1.584962501,0,1,0,11.33371443,0,0,1,10.57931594,0,0
S17-FBB0-1,S17,FBB0,1,S17_FBB0,0,0,0,0,0,0,1379,0,0,0,10,0,0,1,58,0,0,2,0,0,0,6,0,0,4,2380,400,0,0,0,0,0,0,0,10.43045255,0,0,0,3.459431619,0,0,1,5.882643049,0,0,1.584962501,0,0,0,2.807354922,0,0,2.321928095,11.21735191,8.647458426,0
S4-FBB0-2,S4,FBB0,2,S4_FBB0,0,0,1,0,0,0,51,1006,0,0,319,0,0,44,0,0,0,464,0,0,152,198,0,4,1,553,6,0,0,0,1,0,0,0,5.700439718,9.975847968,0,0,8.321928095,0,0,5.491853096,0,0,0,8.861086906,0,0,7.257387843,7.636624621,0,2.321928095,1,9.113742166,2.807354922,0
S14-FBB0-2,S14,FBB0,2,S14_FBB0,0,0,0,0,0,0,6,2,0,1,0,0,0,1,0,0,0,3,1,0,1,7,0,0,0,10,6,0,0,0,0,0,0,0,2.807354922,1.584962501,0,1,0,0,0,1,0,0,0,2,1,0,1,3,0,0,0,3.459431619,2.807354922,0
S20-FBB0-2,S20,FBB0,2,S20_FBB0,0,0,0,0,0,52,68,3,0,16,95,0,0,85,0,0,0,2,0,0,7,225,0,0,0,266,0,0,0,0,0,0,0,5.727920455,6.108524457,2,0,4.087462841,6.584962501,0,0,6.426264755,0,0,0,1.584962501,0,0,3,7.820178962,0,0,0,8.060695932,0,0
S24-FBB0-2,S24,FBB0,2,S24_FBB0,0,0,5,0,0,27,513,0,0,0,87,0,0,47,0,0,1,2,2,0,1,530,0,0,979,3000,8,0,0,0,2.584962501,0,0,4.807354922,9.005624549,0,0,0,6.459431619,0,0,5.584962501,0,0,1,1.584962501,1.584962501,0,1,9.052568051,0,0,9.936637939,11.5512276,3.169925001,0
S18-FBB0-2,S18,FBB0,2,S18_FBB0,0,0,1,0,0,0,154,5,0,308,414,0,0,4,0,0,0,2,373,2,0,538,0,0,1,43,2796,0,0,0,1,0,0,0,7.276124405,2.584962501,0,8.271463028,8.696967526,0,0,2.321928095,0,0,0,1.584962501,8.54689446,1.584962501,0,9.074141463,0,0,1,5.459431619,11.44966454,0
S1-FBB0-1,S1,FBB0,1,S1_FBB0,0,0,3,0,0,127,530,2,0,0,45,0,0,212,0,0,0,842,8,18,2,485,0,0,216,1363,3,0,0,0,2,0,0,7,9.052568051,1.584962501,0,0,5.523561956,0,0,7.73470962,0,0,0,9.719388821,3.169925001,4.247927513,1.584962501,8.924812504,0,0,7.761551232,10.41362793,2,0
S5-FBB0-1,S5,FBB0,1,S5_FBB0,0,5,0,3,0,0,7,0,0,236,576,0,0,438,47,0,0,3,0,0,49,498,0,0,0,1831,5,0,0,2.584962501,0,2,0,0,3,0,0,7.888743249,9.172427509,0,0,8.77807713,5.584962501,0,0,2,0,0,5.64385619,8.962896005,0,0,0,10.83920379,2.584962501,0
S19-FBB0-1,S19,FBB0,1,S19_FBB0,0,0,3,0,0,111,99,2,0,0,25,0,0,30,0,0,0,95,0,9,0,219,0,0,239,488,15,0,0,0,2,0,0,6.807354922,6.64385619,1.584962501,0,0,4.700439718,0,0,4.95419631,0,0,0,6.584962501,0,3.321928095,0,7.781359714,0,0,7.906890596,8.933690655,4,0
S16-FBB0-1,S16,FBB0,1,S16_FBB0,0,0,0,0,0,0,96,3,0,3,87,0,0,10,0,1,0,149,0,0,8,98,0,0,390,664,2,0,0,0,0,0,0,0,6.599912842,2,0,2,6.459431619,0,0,3.459431619,0,1,0,7.22881869,0,0,3.169925001,6.62935662,0,0,8.611024797,9.37721053,1.584962501,0
S1-FBB0-2,S1,FBB0,2,S1_FBB0,0,1,2,0,0,92,517,2,0,0,54,0,0,199,0,0,0,973,3,23,0,480,0,0,278,1409,11,0,0,1,1.584962501,0,0,6.539158811,9.016808288,1.584962501,0,0,5.781359714,0,0,7.64385619,0,0,0,9.927777962,2,4.584962501,0,8.909893084,0,0,8.124121312,10.46147945,3.584962501,0
S6-FBB0-1,S6,FBB0,1,S6_FBB0,0,0,2,0,0,0,889,6,1,303,356,22,0,6,6,1,0,5,27,17,0,623,0,0,0,2704,406,0,0,0,1.584962501,0,0,0,9.797661526,2.807354922,1,8.247927513,8.479780264,4.523561956,0,2.807354922,2.807354922,1,0,2.584962501,4.807354922,4.169925001,0,9.285402219,0,0,0,11.40141288,8.668884984,0
S2-FBB0-2,S2,FBB0,2,S2_FBB0,0,0,5,0,0,384,147,0,0,0,0,0,0,63,0,0,0,0,0,0,108,376,0,0,1,11,756,0,0,0,2.584962501,0,0,8.588714636,7.209453366,0,0,0,0,0,0,6,0,0,0,0,0,0,6.768184325,8.558420713,0,0,1,3.584962501,9.56414949,0
S21-FBB0-1,S21,FBB0,1,S21_FBB0,1,0,0,0,0,1,2472,172,0,0,233,0,0,0,0,0,0,0,0,413,12,1249,0,0,4,1798,4,0,1,0,0,0,0,1,11.27204652,7.434628228,0,0,7.87036472,0,0,0,0,0,0,0,0,8.693486957,3.700439718,10.28771238,0,0,2.321928095,10.81297947,2.321928095,0
S15-FBB0-1,S15,FBB0,1,S15_FBB0,0,0,0,0,0,0,158,0,0,0,49,0,0,51,0,255,0,521,2,0,0,499,0,0,890,670,121,0,0,0,0,0,0,0,7.312882955,0,0,0,5.64385619,0,0,5.700439718,0,8,0,9.027905997,1.584962501,0,0,8.965784285,0,0,9.799281622,9.390168956,6.930737338,0
S17-FBB0-2,S17,FBB0,2,S17_FBB0,0,0,0,0,0,0,1425,0,0,1,26,0,0,0,39,0,0,2,0,0,0,3,0,0,0,2618,395,0,0,0,0,0,0,0,10.47775827,0,0,1,4.754887502,0,0,0,5.321928095,0,0,1.584962501,0,0,0,2,0,0,0,11.35480034,8.62935662,0
S7-FBB0-2,S7,FBB0,2,S7_FBB0,0,0,1,0,0,3,269,0,0,398,434,0,0,1,0,0,0,0,3,0,0,1153,0,0,1,22,1329,0,0,0,1,0,0,2,8.076815597,0,0,8.640244936,8.764871591,0,0,1,0,0,0,0,2,0,0,10.17242751,0,0,1,4.523561956,10.37721053,0
S12-HP301-2,S12,HP301,2,S12_HP301,0,0,2,0,0,82,345,0,0,1,136,0,0,5,1,0,0,513,0,0,0,22,0,0,230,716,4,0,0,0,1.584962501,0,0,6.375039431,8.434628228,0,0,1,7.098032083,0,0,2.584962501,1,0,0,9.005624549,0,0,0,4.523561956,0,0,7.851749041,9.485829309,2.321928095,0
S3-HP301-2,S3,HP301,2,S3_HP301,1,1,14,0,0,27,1131,4,1,0,68,0,0,93,0,0,0,208,1,0,14,216,0,0,45,554,1,0,1,1,3.906890596,0,0,4.807354922,10.14465824,2.321928095,1,0,6.108524457,0,0,6.554588852,0,0,0,7.707359132,1,0,3.906890596,7.761551232,0,0,5.523561956,9.116343961,1,0
S15-HP301-2,S15,HP301,2,S15_HP301,0,0,4,0,0,0,393,3,0,1,55,0,0,49,0,0,0,673,1,0,0,178,0,0,273,292,81,2,0,0,2.321928095,0,0,0,8.622051819,2,0,1,5.807354922,0,0,5.64385619,0,0,0,9.396604781,1,0,0,7.483815777,0,0,8.098032083,8.194756854,6.357552005,1.584962501
S9-HP301-1,S9,HP301,1,S9_HP301,0,1,1,3,0,45,973,6,0,0,39,0,0,0,0,24,61,280,161,2,0,98,0,0,39,1129,5,0,0,1,1,2,0,5.523561956,9.927777962,2.807354922,0,0,5.321928095,0,0,0,0,4.64385619,5.95419631,8.13442632,7.339850003,1.584962501,0,6.62935662,0,0,5.321928095,10.14210706,2.584962501,0
S6-HP301-2,S6,HP301,2,S6_HP301,0,0,7,0,0,0,1593,2,0,225,342,114,0,15,0,0,0,1,49,10,2,212,0,0,1,1210,159,0,0,0,3,0,0,0,10.63843591,1.584962501,0,7.820178962,8.422064766,6.845490051,0,4,0,0,0,1,5.64385619,3.459431619,1.584962501,7.73470962,0,0,1,10.24198315,7.321928095,0
S2-HP301-1,S2,HP301,1,S2_HP301,0,0,0,0,0,175,1288,20,0,0,7,0,0,79,0,1,0,0,0,0,100,534,0,0,0,15,671,0,0,0,0,0,0,7.459431619,10.33203655,4.392317423,0,0,3,0,0,6.321928095,0,1,0,0,0,0,6.658211483,9.063395081,0,0,0,4,9.392317423,0
S18-HP301-1,S18,HP301,1,S18_HP301,0,0,1,0,0,0,504,0,2,138,275,0,0,1,0,0,2,3,1044,0,0,379,0,0,0,35,1581,0,0,0,1,0,0,0,8.980139578,0,1.584962501,7.118941073,8.108524457,0,0,1,0,0,1.584962501,2,10.02928723,0,0,8.569855608,0,0,0,5.169925001,10.62753388,0
S19-HP301-2,S19,HP301,2,S19_HP301,0,2,2,1,0,25,476,0,0,0,51,0,0,234,0,0,0,100,1,5,3,171,0,0,163,358,7,0,0,1.584962501,1.584962501,1,0,4.700439718,8.897845456,0,0,0,5.700439718,0,0,7.876516947,0,0,0,6.658211483,1,2.584962501,2,7.426264755,0,0,7.357552005,8.487840034,3,0
S20-HP301-1,S20,HP301,1,S20_HP301,0,3,4,0,0,63,336,0,0,32,254,0,1,440,0,0,0,0,0,0,18,311,0,0,1,566,1,1,0,2,2.321928095,0,0,6,8.396604781,0,0,5.044394119,7.994353437,0,1,8.784634846,0,0,0,0,0,0,4.247927513,8.285402219,0,0,1,9.147204925,1,1
S12-HP301-1,S12,HP301,1,S12_HP301,0,0,0,0,0,66,280,1,0,0,110,0,0,1,0,0,0,513,0,0,0,28,0,0,198,579,2,0,0,0,0,0,0,6.06608919,8.13442632,1,0,0,6.794415866,0,0,1,0,0,0,9.005624549,0,0,0,4.857980995,0,0,7.636624621,9.17990909,1.584962501,0
S22-HP301-1,S22,HP301,1,S22_HP301,3,0,5,0,0,84,845,2,0,4,1,0,0,0,0,0,0,0,2,0,0,1051,0,0,1,1612,7,1,2,0,2.584962501,0,0,6.409390936,9.724513853,1.584962501,0,2.321928095,1,0,0,0,0,0,0,0,1.584962501,0,0,10.03891899,0,0,1,10.65553072,3,1
S24-HP301-1,S24,HP301,1,S24_HP301,0,4,4,0,0,3,1301,2,0,0,106,0,0,78,0,0,2,2,0,0,0,301,0,0,815,2049,1,0,0,2.321928095,2.321928095,0,0,2,10.34651373,1.584962501,0,0,6.741466986,0,0,6.303780748,0,0,1.584962501,1.584962501,0,0,0,8.238404739,0,0,9.672425342,11.00140819,1,0
S14-HP301-1,S14,HP301,1,S14_HP301,0,0,1,0,0,0,35,1,0,1,3,0,0,1,0,0,0,6,1,0,0,6,0,0,0,285,235,0,0,0,1,0,0,0,5.169925001,1,0,1,2,0,0,1,0,0,0,2.807354922,1,0,0,2.807354922,0,0,0,8.159871337,7.882643049,0
S16-HP301-2,S16,HP301,2,S16_HP301,0,0,1,0,0,0,214,4,0,1,108,0,0,36,0,0,0,24,0,0,25,56,0,0,321,380,0,0,0,0,1,0,0,0,7.74819285,2.321928095,0,1,6.768184325,0,0,5.209453366,0,0,0,4.64385619,0,0,4.700439718,5.832890014,0,0,8.330916878,8.573647187,0,0
S7-HP301-1,S7,HP301,1,S7_HP301,1,0,4,1,0,0,812,5,0,131,327,0,0,0,0,1,0,3,1,0,1,493,0,0,0,12,467,0,1,0,2.321928095,1,0,0,9.667111542,2.584962501,0,7.044394119,8.357552005,0,0,0,0,1,0,2,1,0,1,8.948367232,0,0,0,3.700439718,8.87036472,0
S4-HP301-1,S4,HP301,1,S4_HP301,0,2,2,0,0,0,99,858,0,0,132,0,0,283,0,0,0,448,0,0,40,148,0,18,0,732,4,6,0,1.584962501,1.584962501,0,0,0,6.64385619,9.746514321,0,0,7.055282436,0,0,8.14974712,0,0,0,8.810571635,0,0,5.357552005,7.21916852,0,4.247927513,0,9.517669388,2.321928095,2.807354922
S9-HP301-2,S9,HP301,2,S9_HP301,0,1,1,0,0,46,599,0,0,2,48,0,0,3,0,17,63,287,142,0,0,109,0,0,48,1018,3,0,0,1,1,0,0,5.554588852,9.22881869,0,0,1.584962501,5.614709844,0,0,2,0,4.169925001,6,8.169925001,7.159871337,0,0,6.781359714,0,0,5.614709844,9.992938336,2,0
S3-HP301-1,S3,HP301,1,S3_HP301,0,0,12,0,0,45,1100,4,0,0,64,0,0,122,0,0,0,147,1,0,6,151,0,0,122,518,3,1,0,0,3.700439718,0,0,5.523561956,10.10459875,2.321928095,0,0,6.022367813,0,0,6.942514505,0,0,0,7.209453366,1,0,2.807354922,7.247927513,0,0,6.942514505,9.019590728,2,1
S5-HP301-2,S5,HP301,2,S5_HP301,0,3,0,1,0,0,75,1,0,109,370,0,0,1031,47,0,0,1,2,0,63,243,0,0,2,851,4,0,0,2,0,1,0,0,6.247927513,1,0,6.781359714,8.535275377,0,0,10.01122726,5.584962501,0,0,1,1.584962501,0,6,7.930737338,0,0,1.584962501,9.73470962,2.321928095,0
S21-HP301-2,S21,HP301,2,S21_HP301,0,0,8,0,0,0,3097,106,1,0,207,0,0,0,0,0,0,2,2,127,13,611,0,0,0,1042,1,0,0,0,3.169925001,0,0,0,11.59712143,6.741466986,1,0,7.700439718,0,0,0,0,0,0,1.584962501,1.584962501,7,3.807354922,9.257387843,0,0,0,10.02652344,1,0
S22-HP301-2,S22,HP301,2,S22_HP301,5,0,7,0,0,53,623,2,0,7,2,0,0,0,0,0,0,1,0,0,0,602,0,0,2,1037,1,0,2.584962501,0,3,0,0,5.754887502,9.285402219,1.584962501,0,3,1.584962501,0,0,0,0,0,0,1,0,0,0,9.236014192,0,0,1.584962501,10.01959073,1,0
S4-HP301-2,S4,HP301,2,S4_HP301,1,0,2,0,0,0,119,830,0,0,89,0,0,227,2,0,0,438,0,1,37,176,0,4,0,663,0,1,1,0,1.584962501,0,0,0,6.906890596,9.698704667,0,0,6.491853096,0,0,7.832890014,1.584962501,0,0,8.77807713,0,1,5.247927513,7.46760555,0,2.321928095,0,9.375039431,0,1
S17-HP301-1,S17,HP301,1,S17_HP301,0,0,10,0,0,0,1456,1,0,0,5,0,0,4,20,1,0,4,0,0,0,1,0,2,2,1473,278,0,0,0,3.459431619,0,0,0,10.50878516,1,0,0,2.584962501,0,0,2.321928095,4.392317423,1,0,2.321928095,0,0,0,1,0,1.584962501,1.584962501,10.52552081,8.124121312,0
S14-HP301-2,S14,HP301,2,S14_HP301,0,0,0,0,0,0,27,0,0,1,4,0,0,1,0,0,0,0,0,1,0,4,0,0,0,214,221,0,0,0,0,0,0,0,4.807354922,0,0,1,2.321928095,0,0,1,0,0,0,0,0,1,0,2.321928095,0,0,0,7.74819285,7.794415866,0
S20-HP301-2,S20,HP301,2,S20_HP301,0,5,3,0,0,50,222,4,3,18,161,0,0,503,0,0,0,1,0,0,11,321,0,0,0,527,1,0,0,2.584962501,2,0,0,5.672425342,7.8008999,2.321928095,2,4.247927513,7.339850003,0,0,8.977279923,0,0,0,1,0,0,3.584962501,8.330916878,0,0,0,9.044394119,1,0
S24-HP301-2,S24,HP301,2,S24_HP301,0,2,8,0,0,0,1266,0,0,1,93,0,0,224,0,1,0,3,0,0,0,382,0,0,552,2343,1,0,0,1.584962501,3.169925001,0,0,0,10.30720081,0,0,1,6.554588852,0,0,7.813781191,0,1,0,2,0,0,0,8.581200582,0,0,9.11113567,11.19475685,1,0
S18-HP301-2,S18,HP301,2,S18_HP301,0,1,2,0,0,0,526,1,0,209,278,1,0,2,0,0,0,3,1054,0,1,443,0,0,3,28,1448,0,0,1,1.584962501,0,0,0,9.041659152,1,0,7.714245518,8.124121312,1,0,1.584962501,0,0,0,2,10.04302728,0,1,8.794415866,0,0,2,4.857980995,10.50084188,0
S1-HP301-1,S1,HP301,1,S1_HP301,0,0,4,1,0,20,355,3,0,0,98,0,0,331,0,0,0,632,10,5,0,171,0,0,123,657,4,0,0,0,2.321928095,1,0,4.392317423,8.475733431,2,0,0,6.62935662,0,0,8.375039431,0,0,0,9.306061689,3.459431619,2.584962501,0,7.426264755,0,0,6.95419631,9.361943774,2.321928095,0
S5-HP301-1,S5,HP301,1,S5_HP301,0,6,0,1,0,0,86,2,0,131,440,0,2,2264,52,0,0,0,0,3,63,292,0,0,0,1043,2,0,0,2.807354922,0,1,0,0,6.442943496,1.584962501,0,7.044394119,8.784634846,0,1.584962501,11.14529533,5.727920455,0,0,0,0,2,6,8.194756854,0,0,0,10.027906,1.584962501,0
S19-HP301-1,S19,HP301,1,S19_HP301,0,1,4,0,0,36,427,1,0,3,46,0,0,175,0,0,0,83,1,7,0,179,0,0,287,366,13,0,0,1,2.321928095,0,0,5.209453366,8.741466986,1,0,2,5.554588852,0,0,7.459431619,0,0,0,6.392317423,1,3,0,7.491853096,0,0,8.169925001,8.519636253,3.807354922,0
S16-HP301-1,S16,HP301,1,S16_HP301,0,0,0,0,0,0,193,3,0,0,95,0,0,44,0,0,0,21,0,0,20,50,0,0,247,368,1,0,0,0,0,0,0,0,7.599912842,2,0,0,6.584962501,0,0,5.491853096,0,0,0,4.459431619,0,0,4.392317423,5.672425342,0,0,7.95419631,8.527477006,1,0
S6-HP301-1,S6,HP301,1,S6_HP301,0,0,1,0,0,1,1714,3,0,288,378,66,0,12,7,0,1,1,43,3,0,247,0,0,1,1406,200,0,0,0,1,0,0,1,10.74399286,2,0,8.174925683,8.566054038,6.06608919,0,3.700439718,3,0,1,1,5.459431619,2,0,7.95419631,0,0,1,10.45840661,7.651051691,0
S1-HP301-2,S1,HP301,2,S1_HP301,0,1,0,0,0,15,283,0,0,0,75,0,0,355,0,0,0,584,4,4,0,121,0,0,116,739,3,0,0,1,0,0,0,4,8.14974712,0,0,0,6.247927513,0,0,8.475733431,0,0,0,9.192292814,2.321928095,2.321928095,0,6.930737338,0,0,6.87036472,9.531381461,2,0
S2-HP301-2,S2,HP301,2,S2_HP301,0,1,1,0,0,148,1172,11,0,0,1,1,0,124,0,0,0,2,0,0,110,539,0,0,1,15,541,0,0,1,1,0,0,7.21916852,10.1959873,3.584962501,0,0,1,1,0,6.965784285,0,0,0,1.584962501,0,0,6.794415866,9.076815597,0,0,1,4,9.082149041,0
S21-HP301-1,S21,HP301,1,S21_HP301,0,0,5,0,0,0,3097,106,0,0,242,0,0,2,0,0,0,0,0,204,5,677,0,0,0,986,1,0,0,0,2.584962501,0,0,0,11.59712143,6.741466986,0,0,7.924812504,0,0,1.584962501,0,0,0,0,0,7.6794801,2.584962501,9.405141463,0,0,0,9.946906274,1,0
S17-HP301-2,S17,HP301,2,S17_HP301,0,0,6,0,0,0,1161,2,0,0,5,0,0,2,15,0,0,0,0,0,0,6,0,0,5,1191,273,0,0,0,2.807354922,0,0,0,10.18239435,1.584962501,0,0,2.584962501,0,0,1.584962501,4,0,0,0,0,0,0,2.807354922,0,0,2.584962501,10.21916852,8.098032083,0
S15-HP301-1,S15,HP301,1,S15_HP301,1,0,1,0,0,0,395,0,0,0,37,0,0,91,0,1,0,596,0,0,0,199,0,0,291,323,59,0,1,0,1,0,0,0,8.62935662,0,0,0,5.247927513,0,0,6.523561956,0,1,0,9.221587121,0,0,0,7.64385619,0,0,8.189824559,8.339850003,5.906890596,0
S7-HP301-2,S7,HP301,2,S7_HP301,2,0,1,2,0,2,898,1,0,80,261,0,0,6,0,0,0,0,0,0,3,465,0,0,0,11,418,1,1.584962501,0,1,1.584962501,0,1.584962501,9.812177306,1,0,6.339850003,8.033423002,0,0,2.807354922,0,0,0,0,0,0,2,8.864186145,0,0,0,3.584962501,8.710806434,1
S12-LH60-2,S12,LH60,2,S12_LH60,0,0,0,0,0,127,485,0,0,0,206,0,0,3,0,0,0,650,0,0,0,45,0,0,264,845,2,0,0,0,0,0,0,7,8.924812504,0,0,0,7.693486957,0,0,2,0,0,0,9.346513733,0,0,0,5.523561956,0,0,8.049848549,9.724513853,1.584962501,0
S6-LH60-2,S6,LH60,2,S6_LH60,0,0,14,0,0,0,1334,1,0,261,299,30,0,5,0,0,0,0,10,7,0,145,0,0,2,1089,117,1,0,0,3.906890596,0,0,0,10.38262403,1,0,8.033423002,8.22881869,4.95419631,0,2.584962501,0,0,0,0,3.459431619,3,0,7.189824559,0,0,1.584962501,10.09011242,6.882643049,1
S3-LH60-2,S3,LH60,2,S3_LH60,3,0,13,0,0,37,988,7,0,0,96,0,0,64,0,0,0,201,3,0,4,195,0,0,81,465,1,1,2,0,3.807354922,0,0,5.247927513,9.949826711,3,0,0,6.599912842,0,0,6.022367813,0,0,0,7.658211483,2,0,2.321928095,7.614709844,0,0,6.357552005,8.864186145,1,1
S15-LH60-2,S15,LH60,2,S15_LH60,0,0,3,0,0,0,401,2,0,1,52,0,0,85,0,0,0,589,0,0,0,218,0,0,434,418,41,0,0,0,2,0,0,0,8.651051691,1.584962501,0,1,5.727920455,0,0,6.426264755,0,0,0,9.204571144,0,0,0,7.77478706,0,0,8.764871591,8.710806434,5.392317423,0
S9-LH60-1,S9,LH60,1,S9_LH60,0,0,2,0,0,38,577,0,0,0,58,0,0,0,0,28,135,322,195,0,0,133,0,0,85,1344,1,0,0,0,1.584962501,0,0,5.285402219,9.174925683,0,0,0,5.882643049,0,0,0,0,4.857980995,7.087462841,8.335390355,7.614709844,0,0,7.06608919,0,0,6.426264755,10.39339046,1,0
S2-LH60-1,S2,LH60,1,S2_LH60,0,1,3,0,0,156,566,5,0,0,3,0,0,100,0,0,0,5,0,0,91,418,0,0,1,7,522,0,0,1,2,0,0,7.294620749,9.147204925,2.584962501,0,0,2,0,0,6.658211483,0,0,0,2.584962501,0,0,6.523561956,8.710806434,0,0,1,3,9.030667136,0
S18-LH60-1,S18,LH60,1,S18_LH60,0,0,1,0,0,0,506,0,0,197,388,0,0,3,0,0,0,1,721,1,0,499,0,0,3,36,1965,0,0,0,1,0,0,0,8.985841937,0,0,7.62935662,8.603626345,0,0,2,0,0,0,1,9.495855027,1,0,8.965784285,0,0,2,5.209453366,10.94104761,0
S19-LH60-2,S19,LH60,2,S19_LH60,0,1,2,0,0,27,247,1,0,0,51,0,0,131,0,0,0,104,0,5,0,140,0,0,150,308,13,0,0,1,1.584962501,0,0,4.807354922,7.95419631,1,0,0,5.700439718,0,0,7.044394119,0,0,0,6.714245518,0,2.584962501,0,7.139551352,0,0,7.238404739,8.271463028,3.807354922,0
S12-LH60-1,S12,LH60,1,S12_LH60,0,0,2,1,0,129,410,2,0,1,180,0,0,0,0,0,0,600,0,0,0,33,0,0,245,729,0,0,0,0,1.584962501,1,0,7.022367813,8.682994584,1.584962501,0,1,7.499845887,0,0,0,0,0,0,9.231221181,0,0,0,5.087462841,0,0,7.942514505,9.511752654,0,0
S22-LH60-1,S22,LH60,1,S22_LH60,0,0,0,0,0,98,852,0,0,4,2,0,0,0,0,0,0,0,1,0,0,1040,0,0,0,1672,0,0,0,0,0,0,0,6.62935662,9.736401931,0,0,2.321928095,1.584962501,0,0,0,0,0,0,0,1,0,0,10.02375435,0,0,0,10.70822173,0,0
S24-LH60-1,S24,LH60,1,S24_LH60,0,0,2,0,0,28,1385,6,0,0,131,0,0,61,0,0,0,1,0,0,0,534,0,0,567,2365,3,0,0,0,1.584962501,0,0,4.857980995,10.43671154,2.807354922,0,0,7.044394119,0,0,5.95419631,0,0,0,1,0,0,0,9.063395081,0,0,9.14974712,11.20823436,2,0
S16-LH60-2,S16,LH60,2,S16_LH60,0,0,2,0,0,0,178,1,0,5,125,0,0,55,0,0,0,18,0,0,26,57,0,0,377,452,0,0,0,0,1.584962501,0,0,0,7.483815777,1,0,2.584962501,6.977279923,0,0,5.807354922,0,0,0,4.247927513,0,0,4.754887502,5.857980995,0,0,8.562242424,8.82336724,0,0
S14-LH60-1,S14,LH60,1,S14_LH60,0,0,0,0,0,2,33,1,0,1,5,0,0,1,0,0,0,4,0,0,2,8,0,0,2,267,205,0,0,0,0,0,0,1.584962501,5.087462841,1,0,1,2.584962501,0,0,1,0,0,0,2.321928095,0,0,1.584962501,3.169925001,0,0,1.584962501,8.06608919,7.686500527,0
S7-LH60-1,S7,LH60,1,S7_LH60,0,0,6,2,0,0,776,2,0,116,340,0,0,1,0,0,0,0,1,0,1,561,0,0,2,7,446,0,0,0,2.807354922,1.584962501,0,0,9.601770788,1.584962501,0,6.87036472,8.413627929,0,0,1,0,0,0,0,1,0,1,9.13442632,0,0,1.584962501,3,8.804131021,0
S4-LH60-1,S4,LH60,1,S4_LH60,0,0,3,0,0,0,59,904,0,0,89,0,0,225,0,0,0,455,0,0,32,151,0,6,0,558,2,0,0,0,2,0,0,0,5.906890596,9.821773982,0,0,6.491853096,0,0,7.820178962,0,0,0,8.832890014,0,0,5.044394119,7.247927513,0,2.807354922,0,9.126704473,1.584962501,0
S9-LH60-2,S9,LH60,2,S9_LH60,0,0,1,0,0,54,700,0,0,1,25,1,0,2,0,20,46,337,176,0,0,156,0,0,63,1172,4,0,0,0,1,0,0,5.781359714,9.453270634,0,0,1,4.700439718,1,0,1.584962501,0,4.392317423,5.554588852,8.400879436,7.46760555,0,0,7.294620749,0,0,6,10.1959873,2.321928095,0
S3-LH60-1,S3,LH60,1,S3_LH60,2,1,6,0,0,33,817,1,0,2,65,0,0,147,0,0,0,128,1,0,10,190,0,0,115,501,4,0,1.584962501,1,2.807354922,0,0,5.087462841,9.675957033,1,0,1.584962501,6.044394119,0,0,7.209453366,0,0,0,7.011227255,1,0,3.459431619,7.577428828,0,0,6.857980995,8.971543554,2.321928095,0
S5-LH60-2,S5,LH60,2,S5_LH60,0,3,0,0,0,0,55,0,0,119,440,0,0,1301,47,0,0,4,0,0,117,297,0,0,0,990,0,0,0,2,0,0,0,0,5.807354922,0,0,6.906890596,8.784634846,0,0,10.34651373,5.584962501,0,0,2.321928095,0,0,6.882643049,8.21916852,0,0,0,9.952741247,0,0
S21-LH60-2,S21,LH60,2,S21_LH60,0,0,4,0,0,0,2643,186,0,1,277,0,0,2,0,0,0,0,1,181,3,693,0,0,0,1201,1,0,0,0,2.321928095,0,0,0,11.36850646,7.54689446,0,1,8.118941073,0,0,1.584962501,0,0,0,0,1,7.50779464,2,9.438791853,0,0,0,10.23122118,1,0
S22-LH60-2,S22,LH60,2,S22_LH60,6,0,1,0,0,92,770,4,0,1,1,0,0,1,0,0,0,0,0,0,3,1059,0,0,0,1713,3,0,2.807354922,0,1,0,0,6.539158811,9.59058705,2.321928095,0,1,1,0,0,1,0,0,0,0,0,0,2,10.04984855,0,0,0,10.74315139,2,0
S4-LH60-2,S4,LH60,2,S4_LH60,0,0,0,0,0,0,96,1156,0,1,112,0,0,292,0,0,0,336,0,0,33,145,0,5,2,501,1,1,0,0,0,0,0,0,6.599912842,10.17617315,0,1,6.820178962,0,0,8.194756854,0,0,0,8.396604781,0,0,5.087462841,7.189824559,0,2.584962501,1.584962501,8.971543554,1,1
S14-LH60-2,S14,LH60,2,S14_LH60,0,0,0,0,0,0,30,1,0,1,0,0,0,2,0,0,0,2,0,0,0,10,0,0,0,177,204,0,0,0,0,0,0,0,4.95419631,1,0,1,0,0,0,1.584962501,0,0,0,1.584962501,0,0,0,3.459431619,0,0,0,7.475733431,7.6794801,0
S20-LH60-2,S20,LH60,2,S20_LH60,2,2,1,0,0,67,160,12,0,13,176,0,0,433,0,0,0,0,1,0,12,294,0,0,0,473,0,0,1.584962501,1.584962501,1,0,0,6.087462841,7.330916878,3.700439718,0,3.807354922,7.46760555,0,0,8.761551232,0,0,0,0,1,0,3.700439718,8.204571144,0,0,0,8.888743249,0,0
S17-LH60-1,S17,LH60,1,S17_LH60,0,0,6,0,0,0,1539,2,0,0,4,0,0,0,37,0,0,1,0,0,0,1,0,0,0,1683,310,1,0,0,2.807354922,0,0,0,10.58871464,1.584962501,0,0,2.321928095,0,0,0,5.247927513,0,0,1,0,0,0,1,0,0,0,10.71767642,8.28077077,1
S24-LH60-2,S24,LH60,2,S24_LH60,0,0,0,0,0,18,1143,2,2,0,148,0,0,127,0,0,0,4,3,1,0,444,0,0,765,2542,2,0,0,0,0,0,0,4.247927513,10.15987134,1.584962501,1.584962501,0,7.21916852,0,0,7,0,0,0,2.321928095,2,1,0,8.797661526,0,0,9.581200582,11.31231575,1.584962501,0
S18-LH60-2,S18,LH60,2,S18_LH60,0,0,3,0,0,0,435,4,0,245,360,0,0,2,0,0,0,0,1079,0,0,476,0,0,6,39,1625,0,0,0,2,0,0,0,8.768184325,2.321928095,0,7.942514505,8.495855027,0,0,1.584962501,0,0,0,0,10.0768156,0,0,8.897845456,0,0,2.807354922,5.321928095,10.66711154,0
S1-LH60-1,S1,LH60,1,S1_LH60,0,0,1,0,0,13,213,0,0,0,50,0,0,280,0,0,0,438,6,3,0,103,0,0,105,593,7,0,0,0,1,0,0,3.807354922,7.741466986,0,0,0,5.672425342,0,0,8.13442632,0,0,0,8.77807713,2.807354922,2,0,6.700439718,0,0,6.727920455,9.214319121,3,0
S5-LH60-1,S5,LH60,1,S5_LH60,0,2,0,0,0,0,74,1,0,161,555,0,0,1497,45,0,0,4,0,2,41,308,0,0,1,946,6,0,0,1.584962501,0,0,0,0,6.22881869,1,0,7.339850003,9.118941073,0,0,10.54882191,5.523561956,0,0,2.321928095,0,1.584962501,5.392317423,8.271463028,0,0,1,9.887220615,2.807354922,0
S1-LH60-2,S1,LH60,2,S1_LH60,0,0,2,1,0,11,191,0,0,0,75,0,0,315,0,0,0,662,6,5,0,118,0,0,139,665,1,0,0,0,1.584962501,1,0,3.584962501,7.584962501,0,0,0,6.247927513,0,0,8.303780748,0,0,0,9.37286506,2.807354922,2.584962501,0,6.894817763,0,0,7.129283017,9.379378367,1,0
S19-LH60-1,S19,LH60,1,S19_LH60,0,0,0,0,0,30,315,2,0,1,38,0,0,105,0,0,0,72,1,8,0,198,0,0,303,374,19,0,0,0,0,0,0,4.95419631,8.303780748,1.584962501,0,1,5.285402219,0,0,6.727920455,0,0,0,6.189824559,1,3.169925001,0,7.636624621,0,0,8.247927513,8.550746785,4.321928095,0
S16-LH60-1,S16,LH60,1,S16_LH60,0,0,0,0,0,0,222,3,0,1,109,1,0,51,0,1,0,20,0,3,23,57,0,0,289,415,0,0,0,0,0,0,0,0,7.8008999,2,0,1,6.781359714,1,0,5.700439718,0,1,0,4.392317423,0,2,4.584962501,5.857980995,0,0,8.17990909,8.700439718,0,0
S6-LH60-1,S6,LH60,1,S6_LH60,0,0,2,0,0,0,1447,6,0,268,341,116,0,5,0,2,0,2,77,9,4,220,0,0,2,1039,179,0,0,0,1.584962501,0,0,0,10.49984589,2.807354922,0,8.071462363,8.417852515,6.87036472,0,2.584962501,0,1.584962501,0,1.584962501,6.285402219,3.321928095,2.321928095,7.787902559,0,0,1.584962501,10.02236781,7.491853096,0
S2-LH60-2,S2,LH60,2,S2_LH60,0,2,0,0,0,221,682,10,0,0,3,0,0,123,0,0,0,0,2,1,94,455,0,0,0,11,634,0,0,1.584962501,0,0,0,7.794415866,9.415741768,3.459431619,0,0,2,0,0,6.95419631,0,0,0,0,1.584962501,1,6.569855608,8.832890014,0,0,0,3.584962501,9.310612782,0
S21-LH60-1,S21,LH60,1,S21_LH60,0,0,11,0,0,0,2248,107,0,1,241,0,0,2,0,0,0,1,2,166,3,746,0,0,3,1163,12,1,0,0,3.584962501,0,0,0,11.13506795,6.754887502,0,1,7.918863237,0,0,1.584962501,0,0,0,1,1.584962501,7.383704292,2,9.544964433,0,0,2,10.18487534,3.700439718,1
S17-LH60-2,S17,LH60,2,S17_LH60,0,0,6,0,0,0,1568,2,0,0,8,0,0,4,26,0,0,2,0,0,0,1,0,0,3,1338,289,0,0,0,2.807354922,0,0,0,10.61562964,1.584962501,0,0,3.169925001,0,0,2.321928095,4.754887502,0,0,1.584962501,0,0,0,1,0,0,2,10.38694025,8.17990909,0
S7-LH60-2,S7,LH60,2,S7_LH60,0,0,3,5,0,2,491,9,0,114,289,0,0,2,0,0,0,0,0,0,0,492,0,0,0,10,378,0,0,0,2,2.584962501,0,1.584962501,8.942514505,3.321928095,0,6.845490051,8.17990909,0,0,1.584962501,0,0,0,0,0,0,0,8.945443836,0,0,0,3.459431619,8.566054038,0
S12-NC262-2,S12,NC262,2,S12_NC262,0,0,0,0,0,283,721,0,0,0,334,0,0,0,1,0,0,878,2,0,1,49,0,0,335,1318,2,0,0,0,0,0,0,8.14974712,9.495855027,0,0,0,8.388017285,0,0,0,1,0,0,9.779719355,1.584962501,0,1,5.64385619,0,0,8.392317423,10.36522885,1.584962501,0
S3-NC262-2,S3,NC262,2,S3_NC262,1,1,9,1,0,37,855,2,0,0,78,0,0,137,0,0,0,180,0,0,11,219,0,0,123,625,1,0,1,1,3.321928095,1,0,5.247927513,9.741466986,1.584962501,0,0,6.303780748,0,0,7.108524457,0,0,0,7.499845887,0,0,3.584962501,7.781359714,0,0,6.95419631,9.290018847,1,0
S15-NC262-2,S15,NC262,2,S15_NC262,0,1,1,0,1,0,195,1,0,0,42,0,0,58,0,13,0,409,1,0,0,203,0,0,345,290,62,0,0,1,1,0,1,0,7.614709844,1,0,0,5.426264755,0,0,5.882643049,0,3.807354922,0,8.6794801,1,0,0,7.672425342,0,0,8.434628228,8.184875343,5.977279923,0
S9-NC262-1,S9,NC262,1,S9_NC262,0,0,0,0,0,47,427,2,0,0,38,1,0,0,0,34,29,504,127,0,0,164,0,0,98,1631,4,0,0,0,0,0,0,5.584962501,8.741466986,1.584962501,0,0,5.285402219,1,0,0,0,5.129283017,4.906890596,8.980139578,7,0,0,7.366322214,0,0,6.62935662,10.67242534,2.321928095,0
S2-NC262-1,S2,NC262,1,S2_NC262,0,0,0,0,0,140,341,6,0,0,0,0,0,100,0,0,0,2,0,1,108,341,0,0,1,8,484,0,0,0,0,0,0,7.139551352,8.417852515,2.807354922,0,0,0,0,0,6.658211483,0,0,0,1.584962501,0,1,6.768184325,8.417852515,0,0,1,3.169925001,8.921840937,0
S6-NC262-2,S6,NC262,2,S6_NC262,0,0,8,0,0,0,906,0,0,228,422,75,0,19,0,0,0,1,40,2,3,193,0,0,1,1415,173,0,0,0,3.169925001,0,0,0,9.824958741,0,0,7.839203788,8.724513853,6.247927513,0,4.321928095,0,0,0,1,5.357552005,1.584962501,2,7.599912842,0,0,1,10.46760555,7.442943496,0
S18-NC262-1,S18,NC262,1,S18_NC262,0,0,2,0,0,1,293,3,2,189,385,0,2,4,0,0,0,5,603,0,0,454,0,0,0,37,2071,0,0,0,1.584962501,0,0,1,8.199672345,2,1.584962501,7.569855608,8.592457037,0,1.584962501,2.321928095,0,0,0,2.584962501,9.238404739,0,0,8.829722735,0,0,0,5.247927513,11.01680829,0
S19-NC262-2,S19,NC262,2,S19_NC262,0,0,4,0,0,36,272,0,0,0,81,0,0,128,0,0,0,174,0,11,0,196,0,0,168,443,17,0,0,0,2.321928095,0,0,5.209453366,8.092757141,0,0,0,6.357552005,0,0,7.011227255,0,0,0,7.451211112,0,3.584962501,0,7.622051819,0,0,7.400879436,8.794415866,4.169925001,0
S12-NC262-1,S12,NC262,1,S12_NC262,0,0,0,1,0,114,242,1,0,0,191,0,0,7,0,0,0,576,0,0,0,21,0,0,277,757,2,0,0,0,0,1,0,6.845490051,7.924812504,1,0,0,7.584962501,0,0,3,0,0,0,9.172427509,0,0,0,4.459431619,0,0,8.118941073,9.566054038,1.584962501,0
S22-NC262-1,S22,NC262,1,S22_NC262,5,0,3,0,0,76,415,2,0,1,0,0,0,0,0,0,0,2,0,0,0,853,0,0,1,1421,5,0,2.584962501,0,2,0,0,6.266786541,8.700439718,1.584962501,0,1,0,0,0,0,0,0,0,1.584962501,0,0,0,9.73809226,0,0,1,10.47370575,2.584962501,0
S24-NC262-1,S24,NC262,1,S24_NC262,0,0,0,0,0,12,940,0,1,1,122,0,0,48,0,0,0,0,2,0,0,419,0,0,748,2323,2,0,0,0,0,0,0,3.700439718,9.878050913,0,1,1,6.942514505,0,0,5.614709844,0,0,0,0,1.584962501,0,0,8.714245518,0,0,9.548821908,11.18239435,1.584962501,0
S16-NC262-2,S16,NC262,2,S16_NC262,0,0,1,0,0,0,169,0,0,2,154,0,0,33,0,0,0,28,0,0,40,59,0,0,403,465,0,0,0,0,1,0,0,0,7.409390936,0,0,1.584962501,7.276124405,0,0,5.087462841,0,0,0,4.857980995,0,0,5.357552005,5.906890596,0,0,8.658211483,8.864186145,0,0
S14-NC262-1,S14,NC262,1,S14_NC262,0,0,0,0,0,0,46,2,0,0,3,0,0,2,2,1,2,2,0,0,0,3,0,0,1,320,278,0,0,0,0,0,0,0,5.554588852,1.584962501,0,0,2,0,0,1.584962501,1.584962501,1,1.584962501,1.584962501,0,0,0,2,0,0,1,8.326429487,8.124121312,0
S7-NC262-1,S7,NC262,1,S7_NC262,0,0,0,2,0,0,587,1,0,126,346,0,0,0,0,0,0,1,0,0,3,587,0,0,0,7,415,0,0,0,0,1.584962501,0,0,9.199672345,1,0,6.988684687,8.438791853,0,0,0,0,0,0,1,0,0,2,9.199672345,0,0,0,3,8.700439718,0
S4-NC262-1,S4,NC262,1,S4_NC262,0,3,0,0,0,0,71,647,0,1,111,0,0,188,0,0,0,384,1,0,32,105,0,3,0,442,0,0,0,2,0,0,0,0,6.169925001,9.339850003,0,1,6.807354922,0,0,7.562242424,0,0,0,8.588714636,1,0,5.044394119,6.727920455,0,2,0,8.791162889,0,0
S9-NC262-2,S9,NC262,2,S9_NC262,0,0,0,0,0,52,451,3,0,1,52,0,0,2,0,16,41,456,144,1,0,181,0,0,69,1306,4,0,0,0,0,0,0,5.727920455,8.820178962,2,0,1,5.727920455,0,0,1.584962501,0,4.087462841,5.392317423,8.836050355,7.17990909,1,0,7.50779464,0,0,6.129283017,10.35204343,2.321928095,0
S3-NC262-1,S3,NC262,1,S3_NC262,0,3,1,0,0,51,892,2,0,0,94,0,0,178,0,0,0,160,1,0,18,285,0,0,173,714,1,0,0,2,1,0,0,5.700439718,9.802516365,1.584962501,0,0,6.569855608,0,0,7.483815777,0,0,0,7.330916878,1,0,4.247927513,8.159871337,0,0,7.442943496,9.481799432,1,0
S5-NC262-2,S5,NC262,2,S5_NC262,0,2,0,3,0,1,52,4,0,185,624,0,0,800,48,0,0,5,1,0,121,366,0,0,1,1140,1,0,0,1.584962501,0,2,0,1,5.727920455,2.321928095,0,7.539158811,9.28771238,0,0,9.645658432,5.614709844,0,0,2.584962501,1,0,6.930737338,8.519636253,0,0,1,10.15608308,1,0
S15-NC262-1,S15,NC262,1,S15_NC262,0,0,0,2,0,0,210,2,0,1,45,1,0,94,0,8,0,354,0,0,0,206,0,0,367,250,61,0,0,0,0,1.584962501,0,0,7.721099189,1.584962501,0,1,5.523561956,1,0,6.569855608,0,3.169925001,0,8.471675214,0,0,0,7.693486957,0,0,8.523561956,7.971543554,5.95419631,0
S21-NC262-2,S21,NC262,2,S21_NC262,0,0,4,0,0,0,1898,110,0,0,329,0,0,3,0,0,0,1,3,213,5,700,0,0,0,1233,5,0,0,0,2.321928095,0,0,0,10.89102419,6.794415866,0,0,8.366322214,0,0,2,0,0,0,1,2,7.741466986,2.584962501,9.453270634,0,0,0,10.26912668,2.584962501,0
S22-NC262-2,S22,NC262,2,S22_NC262,1,0,0,0,0,101,451,1,0,7,1,0,0,0,0,0,0,1,1,0,0,935,0,0,4,1535,2,0,1,0,0,0,0,6.672425342,8.820178962,1,0,3,1,0,0,0,0,0,0,1,1,0,0,9.87036472,0,0,2.321928095,10.5849625,1.584962501,0
S17-NC262-1,S17,NC262,1,S17_NC262,0,0,3,0,0,0,1057,4,0,0,9,0,0,0,24,0,0,2,0,0,0,20,0,0,2,1543,329,0,0,0,2,0,0,0,10.04712391,2.321928095,0,0,3.321928095,0,0,0,4.64385619,0,0,1.584962501,0,0,0,4.392317423,0,0,1.584962501,10.59245704,8.366322214,0
S4-NC262-2,S4,NC262,2,S4_NC262,1,0,0,0,0,0,63,901,0,0,137,0,0,208,0,0,0,455,0,0,22,199,0,6,2,590,2,4,1,0,0,0,0,0,6,9.816983623,0,0,7.108524457,0,0,7.707359132,0,0,0,8.832890014,0,0,4.523561956,7.64385619,0,2.807354922,1.584962501,9.20701432,1.584962501,2.321928095
S14-NC262-2,S14,NC262,2,S14_NC262,0,0,0,0,0,0,17,0,0,0,3,0,0,2,0,0,0,2,0,0,0,8,0,0,0,92,91,0,0,0,0,0,0,0,4.169925001,0,0,0,2,0,0,1.584962501,0,0,0,1.584962501,0,0,0,3.169925001,0,0,0,6.539158811,6.523561956,0
S20-NC262-2,S20,NC262,2,S20_NC262,2,0,5,0,0,84,183,9,1,30,171,0,0,336,0,0,0,3,6,1,6,310,0,0,1,555,3,0,1.584962501,0,2.584962501,0,0,6.409390936,7.523561956,3.321928095,1,4.95419631,7.426264755,0,0,8.396604781,0,0,0,2,2.807354922,1,2.807354922,8.28077077,0,0,1,9.118941073,2,0
S24-NC262-2,S24,NC262,2,S24_NC262,0,0,3,0,0,11,805,1,0,0,116,0,0,73,0,0,0,2,3,2,1,407,0,0,626,2341,3,0,0,0,2,0,0,3.584962501,9.654636029,1,0,0,6.87036472,0,0,6.209453366,0,0,0,1.584962501,2,1.584962501,1,8.672425342,0,0,9.292321633,11.19352536,2,0
S18-NC262-2,S18,NC262,2,S18_NC262,0,0,4,0,0,0,363,1,0,391,337,3,0,4,0,0,0,3,866,0,0,590,0,0,0,28,1757,0,0,0,2.321928095,0,0,0,8.50779464,1,0,8.614709844,8.400879436,2,0,2.321928095,0,0,0,2,9.759888183,0,0,9.20701432,0,0,0,4.857980995,10.77971936,0
S20-NC262-1,S20,NC262,1,S20_NC262,2,0,0,0,0,56,176,1,0,45,191,0,0,341,0,0,0,2,0,1,14,367,0,0,0,496,4,0,1.584962501,0,0,0,0,5.832890014,7.46760555,1,0,5.523561956,7.584962501,0,0,8.417852515,0,0,0,1.584962501,0,1,3.906890596,8.523561956,0,0,0,8.957102042,2.321928095,0
S1-NC262-1,S1,NC262,1,S1_NC262,1,0,0,0,0,26,203,0,0,1,94,0,0,185,0,0,0,355,3,2,0,138,0,0,107,579,4,0,1,0,0,0,0,4.754887502,7.672425342,0,0,1,6.569855608,0,0,7.539158811,0,0,0,8.475733431,2,1.584962501,0,7.118941073,0,0,6.754887502,9.17990909,2.321928095,0
S5-NC262-1,S5,NC262,1,S5_NC262,0,4,0,0,0,3,62,0,0,152,587,0,0,1111,49,0,0,5,1,0,88,363,0,0,0,1074,1,0,0,2.321928095,0,0,0,2,5.977279923,0,0,7.257387843,9.199672345,0,0,10.11894107,5.64385619,0,0,2.584962501,1,0,6.475733431,8.50779464,0,0,0,10.07012094,1,0
S19-NC262-1,S19,NC262,1,S19_NC262,0,0,0,0,0,32,245,1,0,0,53,0,0,105,0,0,0,94,0,10,0,220,0,0,276,375,15,0,0,0,0,0,0,5.044394119,7.942514505,1,0,0,5.754887502,0,0,6.727920455,0,0,0,6.569855608,0,3.459431619,0,7.787902559,0,0,8.113742166,8.554588852,4,0
S16-NC262-1,S16,NC262,1,S16_NC262,0,0,0,0,0,0,190,6,0,1,112,1,0,46,0,0,0,34,0,0,22,86,0,1,366,507,0,0,0,0,0,0,0,0,7.577428828,2.807354922,0,1,6.820178962,1,0,5.554588852,0,0,0,5.129283017,0,0,4.523561956,6.442943496,0,1,8.519636253,8.988684687,0,0
S6-NC262-1,S6,NC262,1,S6_NC262,0,0,1,0,0,2,946,0,0,276,363,87,0,12,1,0,0,2,97,6,2,180,0,0,3,1203,168,0,0,0,1,0,0,1.584962501,9.887220615,0,0,8.113742166,8.50779464,6.459431619,0,3.700439718,1,0,0,1.584962501,6.614709844,2.807354922,1.584962501,7.499845887,0,0,2,10.23361968,7.400879436,0
S2-NC262-2,S2,NC262,2,S2_NC262,0,0,0,0,0,169,178,5,0,3,1,0,0,21,0,0,0,2,0,0,80,438,0,1,0,7,510,0,0,0,0,0,0,7.409390936,7.483815777,2.584962501,0,2,1,0,0,4.459431619,0,0,0,1.584962501,0,0,6.339850003,8.77807713,0,1,0,3,8.997179481,0
S1-NC262-2,S1,NC262,2,S1_NC262,0,0,0,1,0,17,252,1,0,0,88,0,0,170,1,0,0,350,8,8,0,149,0,0,113,592,7,0,0,0,0,1,0,4.169925001,7.982993575,1,0,0,6.475733431,0,0,7.417852515,1,0,0,8.45532722,3.169925001,3.169925001,0,7.22881869,0,0,6.832890014,9.211888295,3,0
S21-NC262-1,S21,NC262,1,S21_NC262,0,0,0,0,0,0,2108,111,0,2,341,0,0,3,0,0,0,3,2,261,7,822,0,0,1,1235,4,0,0,0,0,0,0,0,11.04234338,6.807354922,0,1.584962501,8.417852515,0,0,2,0,0,0,2,1.584962501,8.033423002,3,9.68474862,0,0,1,10.27146303,2.321928095,0
S17-NC262-2,S17,NC262,2,S17_NC262,0,0,3,0,0,1,1612,1,0,0,18,0,0,3,36,0,0,4,0,0,0,3,0,0,1,1705,262,0,0,0,2,0,0,1,10.65553072,1,0,0,4.247927513,0,0,2,5.209453366,0,0,2.321928095,0,0,0,2,0,0,1,10.73640193,8.038918989,0
S7-NC262-2,S7,NC262,2,S7_NC262,1,0,2,5,0,0,577,0,0,98,381,0,0,2,0,0,0,2,1,0,0,568,0,0,2,15,516,0,1,0,1.584962501,2.584962501,0,0,9.174925683,0,0,6.62935662,8.577428828,0,0,1.584962501,0,0,0,1.584962501,1,0,0,9.152284842,0,0,1.584962501,4,9.01402047,0
S12-PHG35-2,S12,PHG35,2,S12_PHG35,0,0,0,0,0,100,390,2,0,0,137,0,2,0,0,1,0,668,1,0,0,24,0,0,266,862,0,0,0,0,0,0,0,6.658211483,8.611024797,1.584962501,0,0,7.108524457,0,1.584962501,0,0,1,0,9.385862401,1,0,0,4.64385619,0,0,8.060695932,9.753216749,0,0
S3-PHG35-2,S3,PHG35,2,S3_PHG35,0,0,20,1,0,33,1517,7,0,0,65,0,0,57,0,0,0,188,0,0,3,197,0,0,53,420,1,0,0,0,4.392317423,1,0,5.087462841,10.56795608,3,0,0,6.044394119,0,0,5.857980995,0,0,0,7.562242424,0,0,2,7.62935662,0,0,5.754887502,8.717676423,1,0
S15-PHG35-2,S15,PHG35,2,S15_PHG35,0,0,4,0,0,1,429,0,0,0,51,0,0,34,0,1,0,717,0,0,0,209,0,0,291,313,63,2,0,0,2.321928095,0,0,1,8.74819285,0,0,0,5.700439718,0,0,5.129283017,0,1,0,9.487840034,0,0,0,7.714245518,0,0,8.189824559,8.294620749,6,1.584962501
S6-PHG35-2,S6,PHG35,2,S6_PHG35,0,0,14,0,0,0,1720,4,0,194,292,85,0,11,0,1,0,3,37,5,0,190,0,0,2,1026,126,0,0,0,3.906890596,0,0,0,10.74903138,2.321928095,0,7.607330314,8.194756854,6.426264755,0,3.584962501,0,1,0,2,5.247927513,2.584962501,0,7.577428828,0,0,1.584962501,10.00422047,6.988684687,0
S9-PHG35-1,S9,PHG35,1,S9_PHG35,0,0,2,0,0,45,891,2,0,2,22,1,0,2,0,14,23,396,221,0,0,138,0,0,59,1288,2,0,0,0,1.584962501,0,0,5.523561956,9.8008999,1.584962501,0,1.584962501,4.523561956,1,0,1.584962501,0,3.906890596,4.584962501,8.632995197,7.794415866,0,0,7.118941073,0,0,5.906890596,10.33203655,1.584962501,0
S2-PHG35-1,S2,PHG35,1,S2_PHG35,1,0,2,0,0,190,858,22,0,0,1,0,0,68,0,0,0,2,0,0,88,431,0,0,0,7,578,0,1,0,1.584962501,0,0,7.577428828,9.746514321,4.523561956,0,0,1,0,0,6.108524457,0,0,0,1.584962501,0,0,6.475733431,8.754887502,0,0,0,3,9.177419538,0
S18-PHG35-1,S18,PHG35,1,S18_PHG35,0,0,1,0,0,0,488,4,1,153,246,1,0,5,0,0,0,1,1008,0,2,381,0,0,1,30,1686,0,0,0,1,0,0,0,8.933690655,2.321928095,1,7.266786541,7.948367232,1,0,2.584962501,0,0,0,1,9.978710459,0,1.584962501,8.577428828,0,0,1,4.95419631,10.72024426,0
S19-PHG35-2,S19,PHG35,2,S19_PHG35,1,1,1,0,0,27,467,0,0,2,43,0,0,220,0,0,0,140,0,1,0,162,0,0,148,377,7,0,1,1,1,0,0,4.807354922,8.87036472,0,0,1.584962501,5.459431619,0,0,7.787902559,0,0,0,7.139551352,0,1,0,7.348728154,0,0,7.21916852,8.562242424,3,0
S12-PHG35-1,S12,PHG35,1,S12_PHG35,0,0,0,0,0,162,736,1,0,0,205,0,0,1,0,0,0,805,1,0,0,36,0,0,198,806,3,0,0,0,0,0,0,7.348728154,9.525520809,1,0,0,7.686500527,0,0,1,0,0,0,9.654636029,1,0,0,5.209453366,0,0,7.636624621,9.656424863,2,0
S22-PHG35-1,S22,PHG35,1,S22_PHG35,2,0,3,0,0,75,643,0,0,3,1,0,0,0,0,0,0,4,4,0,0,672,0,0,0,909,2,0,1.584962501,0,2,0,0,6.247927513,9.330916878,0,0,2,1,0,0,0,0,0,0,2.321928095,2.321928095,0,0,9.394462695,0,0,0,9.829722735,1.584962501,0
S24-PHG35-1,S24,PHG35,1,S24_PHG35,0,0,6,0,0,11,1626,4,1,0,125,0,0,46,0,0,0,4,2,0,0,429,0,0,1033,2201,2,0,0,0,2.807354922,0,0,3.584962501,10.66799854,2.321928095,1,0,6.977279923,0,0,5.554588852,0,0,0,2.321928095,1.584962501,0,0,8.74819285,0,0,10.01402047,11.10459875,1.584962501,0
S14-PHG35-1,S14,PHG35,1,S14_PHG35,0,0,0,0,0,0,19,0,0,1,3,0,0,3,0,0,0,0,0,0,0,7,0,1,3,249,203,0,0,0,0,0,0,0,4.321928095,0,0,1,2,0,0,2,0,0,0,0,0,0,0,3,0,1,2,7.965784285,7.672425342,0
S7-PHG35-1,S7,PHG35,1,S7_PHG35,0,0,8,1,0,0,1242,5,0,121,302,0,0,4,0,0,0,1,1,0,0,514,0,0,0,18,487,0,0,0,3.169925001,1,0,0,10.27961058,2.584962501,0,6.930737338,8.243173983,0,0,2.321928095,0,0,0,1,1,0,0,9.008428622,0,0,0,4.247927513,8.930737338,0
S16-PHG35-2,S16,PHG35,2,S16_PHG35,0,0,0,0,0,0,202,0,0,0,109,0,0,54,0,0,0,34,1,0,28,60,0,0,312,414,0,0,0,0,0,0,0,0,7.665335917,0,0,0,6.781359714,0,0,5.781359714,0,0,0,5.129283017,1,0,4.857980995,5.930737338,0,0,8.290018847,8.696967526,0,0
S4-PHG35-1,S4,PHG35,1,S4_PHG35,0,0,2,0,0,0,138,949,0,0,128,0,0,302,0,0,1,500,0,0,25,169,0,3,0,564,0,5,0,0,1.584962501,0,0,0,7.118941073,9.891783703,0,0,7.011227255,0,0,8.243173983,0,0,1,8.968666793,0,0,4.700439718,7.409390936,0,2,0,9.142107057,0,2.584962501
S9-PHG35-2,S9,PHG35,2,S9_PHG35,0,0,0,0,0,52,831,1,0,1,18,0,0,2,0,17,20,348,192,0,0,120,0,0,53,1054,3,0,0,0,0,0,0,5.727920455,9.700439718,1,0,1,4.247927513,0,0,1.584962501,0,4.169925001,4.392317423,8.447083226,7.592457037,0,0,6.918863237,0,0,5.754887502,10.04302728,2,0
S3-PHG35-1,S3,PHG35,1,S3_PHG35,3,0,9,0,0,36,1336,7,0,0,65,0,0,185,0,0,0,146,0,0,9,203,0,0,110,507,0,0,2,0,3.321928095,0,0,5.209453366,10.38478375,3,0,0,6.044394119,0,0,7.539158811,0,0,0,7.199672345,0,0,3.321928095,7.672425342,0,0,6.794415866,8.988684687,0,0
S5-PHG35-2,S5,PHG35,2,S5_PHG35,0,5,0,1,0,0,61,0,0,117,360,0,1,1656,45,0,0,4,0,0,72,230,0,0,0,891,1,0,0,2.584962501,0,1,0,0,5.95419631,0,0,6.882643049,8.495855027,0,1,10.69435789,5.523561956,0,0,2.321928095,0,0,6.189824559,7.851749041,0,0,0,9.8008999,1,0
S21-PHG35-2,S21,PHG35,2,S21_PHG35,0,0,6,0,0,2,2833,135,1,0,272,0,0,1,0,0,0,0,2,155,3,765,0,0,0,1253,0,0,0,0,2.807354922,0,0,1.584962501,11.46862404,7.087462841,1,0,8.092757141,0,0,1,0,0,0,0,1.584962501,7.285402219,2,9.581200582,0,0,0,10.29232163,0,0
S17-PHG35-1,S17,PHG35,1,S17_PHG35,0,0,29,0,0,1,1468,2,0,0,6,0,0,0,22,0,0,11,0,0,0,3,0,0,2,1398,264,0,0,0,4.906890596,0,0,1,10.52061868,1.584962501,0,0,2.807354922,0,0,0,4.523561956,0,0,3.584962501,0,0,0,2,0,0,1.584962501,10.45018025,8.049848549,0
S22-PHG35-2,S22,PHG35,2,S22_PHG35,3,0,1,0,0,65,984,0,0,9,1,0,0,1,0,0,0,0,1,1,0,826,0,0,1,1485,4,0,2,0,1,0,0,6.044394119,9.943979914,0,0,3.321928095,1,0,0,1,0,0,0,0,1,1,0,9.691743519,0,0,1,10.5372184,2.321928095,0
S4-PHG35-2,S4,PHG35,2,S4_PHG35,0,0,0,2,0,0,115,888,0,0,111,0,0,341,0,0,0,409,0,0,27,174,0,7,1,692,0,3,0,0,0,1.584962501,0,0,6.857980995,9.796039609,0,0,6.807354922,0,0,8.417852515,0,0,0,8.6794801,0,0,4.807354922,7.451211112,0,3,1,9.436711542,0,2
S14-PHG35-2,S14,PHG35,2,S14_PHG35,0,0,0,0,0,0,32,2,0,0,2,0,0,0,0,0,0,1,1,0,0,2,0,0,1,211,175,0,0,0,0,0,0,0,5.044394119,1.584962501,0,0,1.584962501,0,0,0,0,0,0,1,1,0,0,1.584962501,0,0,1,7.727920455,7.459431619,0
S20-PHG35-2,S20,PHG35,2,S20_PHG35,1,1,0,0,0,43,202,7,0,8,158,0,0,457,0,0,0,3,0,0,9,294,0,0,0,480,1,0,1,1,0,0,0,5.459431619,7.665335917,3,0,3.169925001,7.312882955,0,0,8.839203788,0,0,0,2,0,0,3.321928095,8.204571144,0,0,0,8.909893084,1,0
S24-PHG35-2,S24,PHG35,2,S24_PHG35,0,0,9,0,0,7,1267,5,0,1,89,0,0,168,0,0,0,3,1,0,0,374,0,0,671,1806,0,0,0,0,3.321928095,0,0,3,10.30833903,2.584962501,0,1,6.491853096,0,0,7.400879436,0,0,0,2,1,0,0,8.550746785,0,0,9.392317423,10.81938079,0,0
S18-PHG35-2,S18,PHG35,2,S18_PHG35,0,0,7,0,0,0,534,0,0,331,349,0,0,1,0,0,0,5,1204,0,0,490,0,0,0,23,1537,0,0,0,3,0,0,0,9.063395081,0,0,8.375039431,8.451211112,0,0,1,0,0,0,2.584962501,10.23481743,0,0,8.939579214,0,0,0,4.584962501,10.58683979,0
S1-PHG35-1,S1,PHG35,1,S1_PHG35,0,0,1,0,0,16,279,3,0,1,42,0,0,330,0,0,0,699,9,6,0,120,0,0,97,575,1,0,0,0,1,0,0,4.087462841,8.129283017,2,0,1,5.426264755,0,0,8.370687407,0,0,0,9.451211112,3.321928095,2.807354922,0,6.918863237,0,0,6.614709844,9.169925001,1,0
S5-PHG35-1,S5,PHG35,1,S5_PHG35,0,2,0,1,0,0,59,4,0,140,418,0,3,1686,50,0,0,4,0,4,35,286,0,0,1,932,2,0,0,1.584962501,0,1,0,0,5.906890596,2.321928095,0,7.139551352,8.710806434,0,2,10.72024426,5.672425342,0,0,2.321928095,0,2.321928095,5.169925001,8.164906927,0,0,1,9.865733271,1.584962501,0
S19-PHG35-1,S19,PHG35,1,S19_PHG35,1,0,1,0,0,19,322,1,0,0,40,0,0,182,0,0,0,51,0,1,2,168,0,0,175,381,10,0,1,0,1,0,0,4.321928095,8.335390355,1,0,0,5.357552005,0,0,7.515699838,0,0,0,5.700439718,0,1,1.584962501,7.400879436,0,0,7.459431619,8.577428828,3.459431619,0
S1-PHG35-2,S1,PHG35,2,S1_PHG35,0,0,2,2,0,10,354,1,0,0,88,0,0,316,0,0,0,708,12,6,0,137,0,0,81,601,1,0,0,0,1.584962501,1.584962501,0,3.459431619,8.471675214,1,0,0,6.475733431,0,0,8.30833903,0,0,0,9.469641817,3.700439718,2.807354922,0,7.108524457,0,0,6.357552005,9.233619677,1,0
S16-PHG35-1,S16,PHG35,1,S16_PHG35,0,0,0,0,0,0,199,2,0,2,81,0,0,40,0,0,0,15,0,0,14,60,0,0,331,363,0,0,0,0,0,0,0,0,7.64385619,1.584962501,0,1.584962501,6.357552005,0,0,5.357552005,0,0,0,4,0,0,3.906890596,5.930737338,0,0,8.375039431,8.50779464,0,0
S6-PHG35-1,S6,PHG35,1,S6_PHG35,0,0,1,0,0,0,1914,1,0,336,422,108,0,29,2,0,0,4,257,10,1,245,0,0,3,1378,131,0,0,0,1,0,0,0,10.90312868,1,0,8.396604781,8.724513853,6.768184325,0,4.906890596,1.584962501,0,0,2.321928095,8.011227255,3.459431619,1,7.942514505,0,0,2,10.42940674,7.044394119,0
S2-PHG35-2,S2,PHG35,2,S2_PHG35,0,0,2,0,0,206,795,7,0,1,1,0,0,56,0,0,0,0,0,0,67,473,0,0,0,7,531,1,0,0,1.584962501,0,0,7.693486957,9.636624621,3,0,1,1,0,0,5.832890014,0,0,0,0,0,0,6.087462841,8.888743249,0,0,0,3,9.055282436,1
S21-PHG35-1,S21,PHG35,1,S21_PHG35,0,0,3,0,0,0,3551,109,0,1,221,1,0,2,0,0,0,0,4,126,4,720,0,0,0,930,6,0,0,0,2,0,0,0,11.79441587,6.781359714,0,1,7.794415866,1,0,1.584962501,0,0,0,0,2.321928095,6.988684687,2.321928095,9.493855449,0,0,0,9.862637358,2.807354922,0
S17-PHG35-2,S17,PHG35,2,S17_PHG35,0,0,12,0,0,0,1666,0,0,0,7,0,0,1,26,0,0,3,1,0,0,1,0,0,3,1565,265,0,0,0,3.700439718,0,0,0,10.70303839,0,0,0,3,0,0,1,4.754887502,0,0,2,1,0,0,1,0,0,2,10.6128685,8.055282436,0
S7-PHG35-2,S7,PHG35,2,S7_PHG35,0,0,2,0,0,0,673,1,0,90,268,0,0,4,0,0,0,4,1,0,0,471,0,0,1,13,379,0,0,0,1.584962501,0,0,0,9.396604781,1,0,6.50779464,8.071462363,0,0,2.321928095,0,0,0,2.321928095,1,0,0,8.882643049,0,0,1,3.807354922,8.569855608,0
S12-PHG39-2,S12,PHG39,2,S12_PHG39,0,0,0,1,0,97,220,0,0,0,124,0,0,3,0,0,0,393,4,0,0,23,0,0,256,733,0,0,0,0,0,1,0,6.614709844,7.787902559,0,0,0,6.965784285,0,0,2,0,0,0,8.622051819,2.321928095,0,0,4.584962501,0,0,8.005624549,9.519636253,0,0
S3-PHG39-2,S3,PHG39,2,S3_PHG39,0,1,4,0,0,30,724,10,0,1,65,0,0,132,0,0,0,124,1,0,7,167,0,0,97,556,5,0,0,1,2.321928095,0,0,4.95419631,9.501837185,3.459431619,0,1,6.044394119,0,0,7.055282436,0,0,0,6.965784285,1,0,3,7.392317423,0,0,6.614709844,9.121533517,2.584962501,0
S15-PHG39-2,S15,PHG39,2,S15_PHG39,0,1,4,0,0,1,304,2,0,0,45,0,0,118,0,6,0,479,0,0,0,256,0,0,371,381,49,0,0,1,2.321928095,0,0,1,8.252665432,1.584962501,0,0,5.523561956,0,0,6.894817763,0,2.807354922,0,8.906890596,0,0,0,8.005624549,0,0,8.539158811,8.577428828,5.64385619,0
S9-PHG39-1,S9,PHG39,1,S9_PHG39,0,2,0,0,0,53,684,2,0,1,43,1,0,3,0,27,63,346,113,0,1,121,0,0,78,1393,2,0,0,1.584962501,0,0,0,5.754887502,9.419960178,1.584962501,0,1,5.459431619,1,0,2,0,4.807354922,6,8.438791853,6.832890014,0,1,6.930737338,0,0,6.303780748,10.44501485,1.584962501,0
S6-PHG39-2,S6,PHG39,2,S6_PHG39,0,0,6,0,0,1,1031,0,0,257,410,53,0,12,2,0,0,3,55,8,1,192,0,0,2,1200,155,0,0,0,2.807354922,0,0,1,10.01122726,0,0,8.011227255,8.682994584,5.754887502,0,3.700439718,1.584962501,0,0,2,5.807354922,3.169925001,1,7.592457037,0,0,1.584962501,10.23002044,7.285402219,0
S2-PHG39-1,S2,PHG39,1,S2_PHG39,0,1,0,0,0,186,533,6,0,0,7,0,0,83,0,4,1,3,2,0,77,390,0,0,1,9,590,0,0,1,0,0,0,7.54689446,9.060695932,2.807354922,0,0,3,0,0,6.392317423,0,2.321928095,1,2,1.584962501,0,6.285402219,8.611024797,0,0,1,3.321928095,9.20701432,0
S18-PHG39-1,S18,PHG39,1,S18_PHG39,0,0,3,0,1,1,403,1,1,189,426,0,0,0,2,0,0,5,759,0,0,468,0,0,2,44,1997,0,0,0,2,0,1,1,8.658211483,1,1,7.569855608,8.73809226,0,0,0,1.584962501,0,0,2.584962501,9.569855608,0,0,8.873444113,0,0,1.584962501,5.491853096,10.96434087,0
S19-PHG39-2,S19,PHG39,2,S19_PHG39,0,0,1,1,0,29,299,2,0,0,60,0,0,111,0,0,0,127,0,8,0,185,0,0,223,424,17,0,0,0,1,1,0,4.906890596,8.22881869,1.584962501,0,0,5.930737338,0,0,6.807354922,0,0,0,7,0,3.169925001,0,7.539158811,0,0,7.807354922,8.731319031,4.169925001,0
S12-PHG39-1,S12,PHG39,1,S12_PHG39,0,0,1,0,0,157,426,2,0,0,196,0,0,5,0,0,1,484,0,0,0,29,0,0,224,789,2,0,0,0,1,0,0,7.303780748,8.73809226,1.584962501,0,0,7.622051819,0,0,2.584962501,0,0,1,8.921840937,0,0,0,4.906890596,0,0,7.813781191,9.625708843,1.584962501,0
S22-PHG39-1,S22,PHG39,1,S22_PHG39,1,0,1,0,0,83,861,2,0,5,0,0,0,0,0,0,0,0,0,0,0,964,0,0,1,1621,0,0,1,0,1,0,0,6.392317423,9.751544059,1.584962501,0,2.584962501,0,0,0,0,0,0,0,0,0,0,0,9.914385132,0,0,1,10.6635581,0,0
S16-PHG39-2,S16,PHG39,2,S16_PHG39,0,0,1,0,0,0,125,0,0,0,85,1,0,21,0,0,0,18,0,2,29,55,0,0,285,424,0,0,0,0,1,0,0,0,6.977279923,0,0,0,6.426264755,1,0,4.459431619,0,0,0,4.247927513,0,1.584962501,4.906890596,5.807354922,0,0,8.159871337,8.731319031,0,0
S24-PHG39-1,S24,PHG39,1,S24_PHG39,0,0,6,0,0,9,1430,1,0,0,131,0,0,139,0,0,0,0,1,0,0,464,0,0,696,2658,2,0,0,0,2.807354922,0,0,3.321928095,10.48280796,1,0,0,7.044394119,0,0,7.129283017,0,0,0,0,1,0,0,8.861086906,0,0,9.445014846,11.37666806,1.584962501,0
S14-PHG39-1,S14,PHG39,1,S14_PHG39,0,0,0,0,0,1,42,1,0,0,8,0,0,0,0,1,0,0,0,0,0,2,0,0,2,205,185,0,0,0,0,0,0,1,5.426264755,1,0,0,3.169925001,0,0,0,0,1,0,0,0,0,0,1.584962501,0,0,1.584962501,7.686500527,7.539158811,0
S7-PHG39-1,S7,PHG39,1,S7_PHG39,1,0,3,1,0,0,834,1,0,163,374,0,0,0,0,0,0,0,0,0,0,563,0,0,1,9,492,0,1,0,2,1,0,0,9.705632387,1,0,7.357552005,8.550746785,0,0,0,0,0,0,0,0,0,0,9.139551352,0,0,1,3.321928095,8.945443836,0
S4-PHG39-1,S4,PHG39,1,S4_PHG39,0,0,2,0,0,0,86,846,0,0,151,0,0,217,0,0,0,500,0,0,35,148,0,15,0,648,3,5,0,0,1.584962501,0,0,0,6.442943496,9.726218159,0,0,7.247927513,0,0,7.768184325,0,0,0,8.968666793,0,0,5.169925001,7.21916852,0,4,0,9.342074668,2,2.584962501
S9-PHG39-2,S9,PHG39,2,S9_PHG39,0,0,0,0,0,41,481,1,0,0,56,0,0,0,0,16,60,388,143,0,0,133,0,0,66,1285,4,0,0,0,0,0,0,5.392317423,8.912889336,1,0,0,5.832890014,0,0,0,0,4.087462841,5.930737338,8.603626345,7.169925001,0,0,7.06608919,0,0,6.06608919,10.32867493,2.321928095,0
S3-PHG39-1,S3,PHG39,1,S3_PHG39,1,1,11,0,0,33,1150,2,0,1,71,0,0,127,0,1,1,135,0,0,9,199,0,0,133,537,3,1,1,1,3.584962501,0,0,5.087462841,10.16867212,1.584962501,0,1,6.169925001,0,0,7,0,1,1,7.087462841,0,0,3.321928095,7.64385619,0,0,7.06608919,9.071462363,2,1
S5-PHG39-2,S5,PHG39,2,S5_PHG39,1,1,2,1,0,2,86,0,0,144,641,0,1,1174,59,0,1,8,0,0,76,324,0,0,0,1249,3,0,1,1,1.584962501,1,0,1.584962501,6.442943496,0,0,7.17990909,9.326429487,0,1,10.19844504,5.906890596,0,1,3.169925001,0,0,6.266786541,8.344295908,0,0,0,10.28771238,2,0
S21-PHG39-2,S21,PHG39,2,S21_PHG39,0,0,6,0,0,0,2046,131,1,1,311,0,0,4,0,0,0,0,2,203,3,765,0,0,0,1343,5,0,0,0,2.807354922,0,0,0,10.99929539,7.044394119,1,1,8.285402219,0,0,2.321928095,0,0,0,0,1.584962501,7.672425342,2,9.581200582,0,0,0,10.39231742,2.584962501,0
S17-PHG39-1,S17,PHG39,1,S17_PHG39,0,0,11,0,0,2,1238,0,0,0,5,0,0,0,32,0,0,2,0,0,0,6,0,0,3,1478,247,0,0,0,3.584962501,0,0,1.584962501,10.27496047,0,0,0,2.584962501,0,0,0,5.044394119,0,0,1.584962501,0,0,0,2.807354922,0,0,2,10.53040634,7.95419631,0
S22-PHG39-2,S22,PHG39,2,S22_PHG39,2,0,0,0,0,82,636,2,0,9,0,0,0,1,0,0,0,0,0,0,0,1030,0,0,5,1734,0,0,1.584962501,0,0,0,0,6.375039431,9.315149562,1.584962501,0,3.321928095,0,0,0,1,0,0,0,0,0,0,0,10.00982862,0,0,2.584962501,10.76071995,0,0
S4-PHG39-2,S4,PHG39,2,S4_PHG39,0,3,2,1,0,0,102,829,0,0,146,0,0,253,0,0,0,468,0,0,26,117,0,6,1,586,2,3,0,2,1.584962501,1,0,0,6.686500527,9.696967526,0,0,7.199672345,0,0,7.988684687,0,0,0,8.873444113,0,0,4.754887502,6.882643049,0,2.807354922,1,9.197216693,1.584962501,2
S14-PHG39-2,S14,PHG39,2,S14_PHG39,0,0,0,0,0,0,20,0,0,0,2,0,0,2,0,0,0,1,1,0,0,3,0,0,2,148,144,0,0,0,0,0,0,0,4.392317423,0,0,0,1.584962501,0,0,1.584962501,0,0,0,1,1,0,0,2,0,0,1.584962501,7.21916852,7.17990909,0
S20-PHG39-2,S20,PHG39,2,S20_PHG39,0,1,1,0,0,46,233,3,0,27,227,0,0,374,0,0,0,0,0,0,12,287,0,0,1,542,0,0,0,1,1,0,0,5.554588852,7.87036472,2,0,4.807354922,7.832890014,0,0,8.550746785,0,0,0,0,0,0,3.700439718,8.169925001,0,0,1,9.084808388,0,0
S24-PHG39-2,S24,PHG39,2,S24_PHG39,0,0,5,0,0,2,789,0,0,0,123,0,0,142,0,0,1,1,0,0,0,364,0,0,635,2241,7,0,0,0,2.584962501,0,0,1.584962501,9.625708843,0,0,0,6.95419631,0,0,7.159871337,0,0,1,1,0,0,0,8.511752654,0,0,9.312882955,11.13057056,3,0
S18-PHG39-2,S18,PHG39,2,S18_PHG39,0,0,3,0,0,0,362,4,0,258,385,0,2,6,0,0,0,0,660,0,0,536,0,0,2,27,1639,0,0,0,2,0,0,0,8.503825738,2.321928095,0,8.016808288,8.592457037,0,1.584962501,2.807354922,0,0,0,0,9.368506462,0,0,9.068778278,0,0,1.584962501,4.807354922,10.6794801,0
S20-PHG39-1,S20,PHG39,1,S20_PHG39,0,1,2,0,1,71,159,0,1,43,197,0,0,306,0,0,0,5,4,0,10,351,0,0,0,580,0,0,0,1,1.584962501,0,1,6.169925001,7.321928095,0,1,5.459431619,7.62935662,0,0,8.262094845,0,0,0,2.584962501,2.321928095,0,3.459431619,8.459431619,0,0,0,9.182394353,0,0
S1-PHG39-1,S1,PHG39,1,S1_PHG39,0,2,0,0,0,10,125,1,0,2,56,0,0,175,0,0,0,328,7,7,0,73,0,0,71,529,2,0,0,1.584962501,0,0,0,3.459431619,6.977279923,1,0,1.584962501,5.832890014,0,0,7.459431619,0,0,0,8.361943774,3,3,0,6.209453366,0,0,6.169925001,9.049848549,1.584962501,0
S5-PHG39-1,S5,PHG39,1,S5_PHG39,0,8,0,3,0,5,70,1,0,285,592,0,2,2192,57,0,0,0,0,0,92,364,0,0,0,985,4,0,0,3.169925001,0,2,0,2.584962501,6.14974712,1,0,8.159871337,9.211888295,0,1.584962501,11.0986901,5.857980995,0,0,0,0,0,6.539158811,8.511752654,0,0,0,9.945443836,2.321928095,0
S19-PHG39-1,S19,PHG39,1,S19_PHG39,1,0,3,0,0,29,318,2,0,1,55,2,0,140,0,0,0,100,1,3,0,151,0,0,182,380,8,0,1,0,2,0,0,4.906890596,8.317412614,1.584962501,0,1,5.807354922,1.584962501,0,7.139551352,0,0,0,6.658211483,1,2,0,7.247927513,0,0,7.515699838,8.573647187,3.169925001,0
S1-PHG39-2,S1,PHG39,2,S1_PHG39,0,0,1,0,0,17,262,1,1,0,95,0,0,234,0,0,0,506,4,9,1,168,0,0,102,757,9,0,0,0,1,0,0,4.169925001,8.038918989,1,1,0,6.584962501,0,0,7.876516947,0,0,0,8.985841937,2.321928095,3.321928095,1,7.400879436,0,0,6.686500527,9.566054038,3.321928095,0
S16-PHG39-1,S16,PHG39,1,S16_PHG39,0,0,1,0,0,0,165,1,0,0,77,0,0,38,0,0,0,38,1,0,16,64,0,1,285,384,2,0,0,0,1,0,0,0,7.375039431,1,0,0,6.285402219,0,0,5.285402219,0,0,0,5.285402219,1,0,4.087462841,6.022367813,0,1,8.159871337,8.588714636,1.584962501,0
S6-PHG39-1,S6,PHG39,1,S6_PHG39,0,0,7,0,0,0,1072,2,0,241,395,85,0,10,2,0,0,3,56,5,0,237,0,0,0,1274,141,2,0,0,3,0,0,0,10.06743436,1.584962501,0,7.918863237,8.62935662,6.426264755,0,3.459431619,1.584962501,0,0,2,5.832890014,2.584962501,0,7.894817763,0,0,0,10.31628153,7.14974712,1.584962501
S2-PHG39-2,S2,PHG39,2,S2_PHG39,0,0,2,0,0,200,627,12,0,0,3,0,0,34,0,0,0,1,3,2,61,405,0,0,3,14,555,0,0,0,1.584962501,0,0,7.651051691,9.294620749,3.700439718,0,0,2,0,0,5.129283017,0,0,0,1,2,1.584962501,5.95419631,8.665335917,0,0,2,3.906890596,9.118941073,0
S21-PHG39-1,S21,PHG39,1,S21_PHG39,0,0,11,0,0,0,2312,102,1,2,285,0,4,2,0,0,0,0,2,188,4,763,0,0,2,1158,0,0,0,0,3.584962501,0,0,0,11.17554955,6.686500527,1,1.584962501,8.159871337,0,2.321928095,1.584962501,0,0,0,0,1.584962501,7.562242424,2.321928095,9.577428828,0,0,1.584962501,10.17866485,0,0
S17-PHG39-2,S17,PHG39,2,S17_PHG39,0,0,3,0,0,0,1971,1,0,0,13,0,0,3,48,0,0,0,0,0,1,2,0,0,0,1619,331,0,0,0,2,0,0,0,10.94544384,1,0,0,3.807354922,0,0,2,5.614709844,0,0,0,0,0,1,1.584962501,0,0,0,10.6617781,8.375039431,0
S15-PHG39-1,S15,PHG39,1,S15_PHG39,0,0,2,0,0,0,348,0,0,0,56,0,0,90,0,5,0,518,0,0,0,200,0,0,457,396,29,0,0,0,1.584962501,0,0,0,8.447083226,0,0,0,5.832890014,0,0,6.50779464,0,2.584962501,0,9.019590728,0,0,0,7.651051691,0,0,8.839203788,8.632995197,4.906890596,0
S7-PHG39-2,S7,PHG39,2,S7_PHG39,0,0,2,1,0,2,617,2,0,98,252,0,0,0,0,0,0,1,0,0,1,472,0,0,1,9,366,0,0,0,1.584962501,1,0,1.584962501,9.271463028,1.584962501,0,6.62935662,7.982993575,0,0,0,0,0,0,1,0,0,1,8.885696373,0,0,1,3.321928095,8.519636253,0
S12-PHG47-2,S12,PHG47,2,S12_PHG47,0,0,0,0,0,233,735,1,0,0,255,0,0,8,0,1,0,1038,0,0,0,42,0,0,426,1686,3,0,0,0,0,0,0,7.87036472,9.523561956,1,0,0,8,0,0,3.169925001,0,1,0,10.02097994,0,0,0,5.426264755,0,0,8.73809226,10.72024426,2,0
S3-PHG47-2,S3,PHG47,2,S3_PHG47,0,0,12,0,0,20,2130,2,0,0,57,0,0,214,0,0,0,109,2,0,3,148,0,0,116,470,2,1,0,0,3.700439718,0,0,4.392317423,11.05731488,1.584962501,0,0,5.857980995,0,0,7.74819285,0,0,0,6.781359714,1.584962501,0,2,7.21916852,0,0,6.87036472,8.87958325,1.584962501,1
S15-PHG47-2,S15,PHG47,2,S15_PHG47,0,0,3,0,0,0,311,1,0,0,24,0,0,66,0,2,0,788,1,0,0,257,0,0,375,410,51,0,0,0,2,0,0,0,8.285402219,1,0,0,4.64385619,0,0,6.06608919,0,1.584962501,0,9.62388149,1,0,0,8.011227255,0,0,8.554588852,8.682994584,5.700439718,0
S9-PHG47-1,S9,PHG47,1,S9_PHG47,0,0,1,0,0,36,1073,1,0,1,19,0,0,2,0,13,47,302,332,0,0,176,0,0,57,1280,0,0,0,0,1,0,0,5.209453366,10.06877828,1,0,1,4.321928095,0,0,1.584962501,0,3.807354922,5.584962501,8.243173983,8.379378367,0,0,7.46760555,0,0,5.857980995,10.32305476,0,0
S2-PHG47-1,S2,PHG47,1,S2_PHG47,0,1,3,0,0,164,1409,23,0,0,5,0,0,47,0,0,0,2,0,0,85,489,0,0,0,5,572,0,0,1,2,0,0,7.366322214,10.46147945,4.584962501,0,0,2.584962501,0,0,5.584962501,0,0,0,1.584962501,0,0,6.426264755,8.936637939,0,0,0,2.584962501,9.162391329,0
S6-PHG47-2,S6,PHG47,2,S6_PHG47,0,0,18,0,0,0,3145,2,0,243,332,77,0,10,0,0,0,3,55,6,4,186,0,0,2,1247,135,0,0,0,4.247927513,0,0,0,11.61930296,1.584962501,0,7.930737338,8.379378367,6.285402219,0,3.459431619,0,0,0,2,5.807354922,2.807354922,2.321928095,7.54689446,0,0,1.584962501,10.28540222,7.087462841,0
S18-PHG47-1,S18,PHG47,1,S18_PHG47,0,1,9,0,0,0,726,2,0,327,334,1,0,2,0,2,0,7,1223,0,0,588,0,0,0,36,1645,0,0,1,3.321928095,0,0,0,9.505811554,1.584962501,0,8.357552005,8.388017285,1,0,1.584962501,0,1.584962501,0,3,10.25738784,0,0,9.202123824,0,0,0,5.209453366,10.68474862,0
S19-PHG47-2,S19,PHG47,2,S19_PHG47,1,1,7,0,0,14,618,1,0,0,33,0,0,200,1,1,0,94,3,8,0,207,0,0,123,378,12,2,1,1,3,0,0,3.906890596,9.273795599,1,0,0,5.087462841,0,0,7.651051691,1,1,0,6.569855608,2,3.169925001,0,7.700439718,0,0,6.95419631,8.566054038,3.700439718,1.584962501
S12-PHG47-1,S12,PHG47,1,S12_PHG47,0,0,0,1,0,43,204,0,0,0,74,0,0,1,0,0,0,375,1,0,0,15,0,0,161,466,1,0,0,0,0,1,0,5.459431619,7.6794801,0,0,0,6.22881869,0,0,1,0,0,0,8.554588852,1,0,0,4,0,0,7.339850003,8.86727874,1,0
S22-PHG47-1,S22,PHG47,1,S22_PHG47,2,1,3,0,0,71,747,7,0,3,4,0,0,1,0,0,0,4,2,2,0,869,0,0,0,1053,0,0,1.584962501,1,2,0,0,6.169925001,9.54689446,3,0,2,2.321928095,0,0,1,0,0,0,2.321928095,1.584962501,1.584962501,0,9.764871591,0,0,0,10.04165915,0,0
S24-PHG47-1,S24,PHG47,1,S24_PHG47,0,0,12,0,0,4,1883,4,0,0,80,0,0,61,0,0,2,8,0,0,2,447,0,0,437,2004,5,0,0,0,3.700439718,0,0,2.321928095,10.87958325,2.321928095,0,0,6.339850003,0,0,5.95419631,0,0,1.584962501,3.169925001,0,0,1.584962501,8.807354922,0,0,8.77478706,10.96938652,2.584962501,0
S14-PHG47-1,S14,PHG47,1,S14_PHG47,0,0,1,0,0,0,28,1,0,0,2,0,0,2,0,0,0,1,2,0,0,7,0,0,4,235,204,0,0,0,1,0,0,0,4.857980995,1,0,0,1.584962501,0,0,1.584962501,0,0,0,1,1.584962501,0,0,3,0,0,2.321928095,7.882643049,7.6794801,0
S7-PHG47-1,S7,PHG47,1,S7_PHG47,2,0,6,1,0,0,984,6,0,57,206,0,0,0,0,0,0,2,0,0,0,405,0,0,0,10,317,1,1.584962501,0,2.807354922,1,0,0,9.943979914,2.807354922,0,5.857980995,7.693486957,0,0,0,0,0,0,1.584962501,0,0,0,8.665335917,0,0,0,3.459431619,8.312882955,1
S4-PHG47-1,S4,PHG47,1,S4_PHG47,0,1,2,1,0,0,98,1022,0,0,102,0,2,294,0,0,0,457,0,1,28,152,0,19,0,858,3,6,0,1,1.584962501,1,0,0,6.62935662,9.99859043,0,0,6.686500527,0,1.584962501,8.204571144,0,0,0,8.839203788,0,1,4.857980995,7.257387843,0,4.321928095,0,9.746514321,2,2.807354922
S16-PHG47-2,S16,PHG47,2,S16_PHG47,0,0,0,0,0,0,142,6,0,0,84,0,0,48,0,0,0,11,0,1,17,54,0,0,269,340,0,0,0,0,0,0,0,0,7.159871337,2.807354922,0,0,6.409390936,0,0,5.614709844,0,0,0,3.584962501,0,1,4.169925001,5.781359714,0,0,8.076815597,8.413627929,0,0
S9-PHG47-2,S9,PHG47,2,S9_PHG47,0,0,0,2,0,43,976,1,0,0,14,0,0,0,0,16,5,387,188,0,0,175,0,0,54,1309,1,0,0,0,0,1.584962501,0,5.459431619,9.932214752,1,0,0,3.906890596,0,0,0,0,4.087462841,2.584962501,8.599912842,7.562242424,0,0,7.459431619,0,0,5.781359714,10.3553511,1,0
S15-PHG47-1,S15,PHG47,1,S15_PHG47,0,1,0,0,0,0,549,1,0,1,42,0,0,133,0,23,0,850,0,0,0,239,0,0,345,340,36,0,0,1,0,0,0,0,9.103287808,1,0,1,5.426264755,0,0,7.06608919,0,4.584962501,0,9.733015322,0,0,0,7.906890596,0,0,8.434628228,8.413627929,5.209453366,0
S3-PHG47-1,S3,PHG47,1,S3_PHG47,1,0,15,0,0,21,1817,14,0,0,38,0,0,198,0,0,0,109,1,0,1,125,0,0,81,336,2,1,1,0,4,0,0,4.459431619,10.82813648,3.906890596,0,0,5.285402219,0,0,7.636624621,0,0,0,6.781359714,1,0,1,6.977279923,0,0,6.357552005,8.396604781,1.584962501,1
S5-PHG47-2,S5,PHG47,2,S5_PHG47,0,4,0,2,0,1,90,2,0,162,566,0,0,2127,54,0,0,0,0,2,74,357,0,0,2,1033,2,0,0,2.321928095,0,1.584962501,0,1,6.50779464,1.584962501,0,7.348728154,9.147204925,0,0,11.05528244,5.781359714,0,0,0,0,1.584962501,6.22881869,8.483815777,0,0,1.584962501,10.01402047,1.584962501,0
S21-PHG47-2,S21,PHG47,2,S21_PHG47,0,0,14,0,1,0,2999,77,0,1,141,0,0,1,0,0,0,2,0,96,2,676,0,0,1,994,1,0,0,0,3.906890596,0,1,0,11.55074679,6.285402219,0,1,7.14974712,0,0,1,0,0,0,1.584962501,0,6.599912842,1.584962501,9.403012024,0,0,1,9.958552715,1,0
S22-PHG47-2,S22,PHG47,2,S22_PHG47,0,0,0,0,0,75,1071,3,0,7,1,0,0,3,0,0,0,1,0,0,0,1029,0,0,1,1612,2,0,0,0,0,0,0,6.247927513,10.06608919,2,0,3,1,0,0,2,0,0,0,1,0,0,0,10.00842862,0,0,1,10.65553072,1.584962501,0
S4-PHG47-2,S4,PHG47,2,S4_PHG47,0,1,1,0,0,0,113,995,0,0,74,0,0,302,0,0,0,400,0,0,15,187,0,13,0,816,0,4,0,1,1,0,0,0,6.832890014,9.960001932,0,0,6.22881869,0,0,8.243173983,0,0,0,8.647458426,0,0,4,7.554588852,0,3.807354922,0,9.674192268,0,2.321928095
S14-PHG47-2,S14,PHG47,2,S14_PHG47,0,0,1,0,0,0,27,2,0,1,3,0,0,1,0,0,0,0,1,0,0,2,0,0,3,161,180,0,0,0,1,0,0,0,4.807354922,1.584962501,0,1,2,0,0,1,0,0,0,0,1,0,0,1.584962501,0,0,2,7.339850003,7.499845887,0
S17-PHG47-1,S17,PHG47,1,S17_PHG47,0,0,15,0,0,0,1638,0,0,0,0,0,0,2,13,0,0,1,0,0,0,1,0,0,1,1395,271,0,0,0,4,0,0,0,10.67860014,0,0,0,0,0,0,1.584962501,3.807354922,0,0,1,0,0,0,1,0,0,1,10.44708323,8.087462841,0
S20-PHG47-2,S20,PHG47,2,S20_PHG47,1,1,1,0,0,26,123,1,0,16,100,0,0,217,0,0,0,3,0,0,4,164,0,0,0,296,4,0,1,1,1,0,0,4.754887502,6.95419631,1,0,4.087462841,6.658211483,0,0,7.768184325,0,0,0,2,0,0,2.321928095,7.366322214,0,0,0,8.214319121,2.321928095,0
S24-PHG47-2,S24,PHG47,2,S24_PHG47,0,0,6,0,0,5,1660,4,0,1,67,0,0,190,0,0,1,0,0,0,0,383,0,0,743,1924,3,0,0,0,2.807354922,0,0,2.584962501,10.69783636,2.321928095,0,1,6.087462841,0,0,7.577428828,0,0,1,0,0,0,0,8.584962501,0,0,9.539158811,10.91064273,2,0
S20-PHG47-1,S20,PHG47,1,S20_PHG47,5,4,3,0,0,33,218,1,0,19,120,0,0,485,0,0,0,6,0,0,3,266,0,0,5,412,0,0,2.584962501,2.321928095,2,0,0,5.087462841,7.77478706,1,0,4.321928095,6.918863237,0,0,8.924812504,0,0,0,2.807354922,0,0,2,8.060695932,0,0,2.584962501,8.689997971,0,0
S18-PHG47-2,S18,PHG47,2,S18_PHG47,0,0,5,0,1,0,613,7,0,247,276,1,0,2,0,0,0,1,1818,0,0,554,0,0,1,27,1541,0,0,0,2.584962501,0,1,0,9.262094845,3,0,7.95419631,8.113742166,1,0,1.584962501,0,0,0,1,10.82892983,0,0,9.116343961,0,0,1,4.807354922,10.59058705,0
S1-PHG47-1,S1,PHG47,1,S1_PHG47,0,2,3,0,0,8,358,1,0,0,42,1,0,577,0,0,0,887,21,6,0,85,0,0,109,539,5,0,0,1.584962501,2,0,0,3.169925001,8.487840034,1,0,0,5.426264755,1,0,9.174925683,0,0,0,9.794415866,4.459431619,2.807354922,0,6.426264755,0,0,6.781359714,9.076815597,2.584962501,0
S5-PHG47-1,S5,PHG47,1,S5_PHG47,0,5,2,0,0,0,44,1,0,249,505,0,0,2492,31,0,0,1,0,1,85,331,0,0,2,835,0,0,0,2.584962501,1.584962501,0,0,0,5.491853096,1,0,7.965784285,8.982993575,0,0,11.28366717,5,0,0,1,0,1,6.426264755,8.375039431,0,0,1.584962501,9.707359132,0,0
S19-PHG47-1,S19,PHG47,1,S19_PHG47,3,0,0,0,0,36,203,2,0,0,23,0,0,91,0,0,0,106,0,4,0,327,0,0,221,333,5,0,2,0,0,0,0,5.209453366,7.672425342,1.584962501,0,0,4.584962501,0,0,6.523561956,0,0,0,6.741466986,0,2.321928095,0,8.357552005,0,0,7.794415866,8.383704292,2.584962501,0
S16-PHG47-1,S16,PHG47,1,S16_PHG47,0,0,0,0,0,0,162,1,0,0,39,0,0,30,0,0,0,25,0,0,10,59,0,0,209,300,1,0,0,0,0,0,0,0,7.348728154,1,0,0,5.321928095,0,0,4.95419631,0,0,0,4.700439718,0,0,3.459431619,5.906890596,0,0,7.714245518,8.233619677,1,0
S6-PHG47-1,S6,PHG47,1,S6_PHG47,0,0,2,0,0,0,3354,2,0,247,303,114,0,44,0,0,0,1,334,9,1,252,0,0,0,1672,164,0,0,0,1.584962501,0,0,0,11.71209705,1.584962501,0,7.95419631,8.247927513,6.845490051,0,5.491853096,0,0,0,1,8.388017285,3.321928095,1,7.982993575,0,0,0,10.70822173,7.366322214,0
S1-PHG47-2,S1,PHG47,2,S1_PHG47,0,6,1,0,0,22,528,2,0,0,64,1,0,617,0,0,1,1124,14,3,0,163,0,0,65,635,5,0,0,2.807354922,1,0,0,4.523561956,9.047123912,1.584962501,0,0,6.022367813,1,0,9.271463028,0,0,1,10.13570929,3.906890596,2,0,7.357552005,0,0,6.044394119,9.312882955,2.584962501,0
S2-PHG47-2,S2,PHG47,2,S2_PHG47,0,0,4,0,0,143,1458,9,0,0,4,0,0,42,0,0,0,0,1,0,66,542,0,0,2,8,539,0,0,0,2.321928095,0,0,7.169925001,10.51076417,3.321928095,0,0,2.321928095,0,0,5.426264755,0,0,0,0,1,0,6.06608919,9.084808388,0,0,1.584962501,3.169925001,9.076815597,0
S21-PHG47-1,S21,PHG47,1,S21_PHG47,0,0,6,0,0,0,3360,102,0,1,205,0,0,1,0,0,0,3,3,164,0,707,0,0,0,997,5,0,0,0,2.807354922,0,0,0,11.71467483,6.686500527,0,1,7.686500527,0,0,1,0,0,0,2,2,7.366322214,0,9.46760555,0,0,0,9.962896005,2.584962501,0
S17-PHG47-2,S17,PHG47,2,S17_PHG47,0,0,6,0,0,0,2704,2,0,0,7,0,0,1,28,0,0,2,0,0,0,3,0,0,0,1558,285,0,0,0,2.807354922,0,0,0,11.40141288,1.584962501,0,0,3,0,0,1,4.857980995,0,0,1.584962501,0,0,0,2,0,0,0,10.60640521,8.159871337,0
S7-PHG47-2,S7,PHG47,2,S7_PHG47,0,0,8,0,0,0,1263,5,0,86,279,0,0,0,0,0,0,1,0,2,0,563,0,0,0,7,452,0,0,0,3.169925001,0,0,0,10.30378075,2.584962501,0,6.442943496,8.129283017,0,0,0,0,0,0,1,0,1.584962501,0,9.139551352,0,0,0,3,8.82336724,0