,Bacteria_Bacteroidota_Bacteroidia_Bacteroidales_Bacteroidaceae_Bacteroides_cutis,Bacteria_Bacteroidota_Bacteroidia_Bacteroidales_Bacteroidaceae_Bacteroides_timonensis,Bacteria_Bacteroidota_Bacteroidia_Bacteroidales_Bacteroidaceae_Bacteroides_kribbi,Bacteria_Bacteroidota_Bacteroidia_Bacteroidales_Bacteroidaceae_Bacteroides_faecichinchillae,Bacteria_Actinomycetota_Actinobacteria_Bifidobacteriales_Bifidobacteriaceae_Bifidobacterium_adolescentis,Bacteria_Actinomycetota_Actinobacteria_Bifidobacteriales_Bifidobacteriaceae_Bifidobacterium_breve,Bacteria_Actinomycetota_Actinobacteria_Bifidobacteriales_Bifidobacteriaceae_Bifidobacterium_gallicum,Bacteria_Actinomycetota_Actinobacteria_Bifidobacteriales_Bifidobacteriaceae_Bifidobacterium_catenulatum,Bacteria_Actinomycetota_Actinobacteria_Bifidobacteriales_Bifidobacteriaceae_Bifidobacterium_bifidum,Bacteria_Bacteroidota_Bacteroidia_Bacteroidales_Bacteroidaceae_Bacteroides_rodentium,Bacteria_Bacteroidota_Bacteroidia_Bacteroidales_Bacteroidaceae_Bacteroides_caccae,Bacteria_Bacteroidota_Bacteroidia_Bacteroidales_Bacteroidaceae_Bacteroides_ovatus,Bacteria_Bacteroidota_Bacteroidia_Bacteroidales_Bacteroidaceae_Bacteroides_acidifaciens,Bacteria_Bacteroidota_Bacteroidia_Bacteroidales_Bacteroidaceae_Bacteroides_xylanisolvens,Bacteria_Bacteroidota_Bacteroidia_Bacteroidales_Bacteroidaceae_Bacteroides_fragilis,Bacteria_Bacteroidota_Bacteroidia_Bacteroidales_Bacteroidaceae_Bacteroides_thetaiotaomicron,Bacteria_Bacteroidota_Bacteroidia_Bacteroidales_Bacteroidaceae_Bacteroides_intestinalis,Bacteria_Bacteroidota_Bacteroidia_Bacteroidales_Bacteroidaceae_Bacteroides_faecis,Bacteria_Bacteroidota_Bacteroidia_Bacteroidales_Bacteroidaceae_Bacteroides_cellulosilyticus,Bacteria_Bacteroidota_Bacteroidia_Bacteroidales_Bacteroidaceae_Bacteroides_clarus,Bacteria_Bacteroidota_Bacteroidia_Bacteroidales_Bacteroidaceae_Bacteroides_plebeius,Bacteria_Bacteroidota_Bacteroidia_Bacteroidales_Bacteroidaceae_Bacteroides_coprocola,Bacteria_Bacteroidota_Bacteroidia_Bacteroidales_Bacteroidaceae_Bacteroides_stercoris,Bacteria_Bacteroidota_Bacteroidia_Bacteroidales_Bacteroidaceae_Bacteroides_eggerthii,Bacteria_Bacteroidota_Bacteroidia_Bacteroidales_Bacteroidaceae_Bacteroides_salyersiae,Bacteria_Bacteroidota_Bacteroidia_Bacteroidales_Bacteroidaceae_Bacteroides_nordii,Bacteria_Bacteroidota_Bacteroidia_Bacteroidales_Bacteroidaceae_Bacteroides_uniformis,Bacteria_Bacteroidota_Bacteroidia_Bacteroidales_Bacteroidaceae_Bacteroides_paurosaccharolyticus,Bacteria_Bacteroidota_Bacteroidia_Bacteroidales_Bacteroidaceae_Bacteroides_sartorii,Bacteria_Bacteroidota_Bacteroidia_Bacteroidales_Bacteroidaceae_Bacteroides_massiliensis,Bacteria_Bacteroidota_Bacteroidia_Bacteroidales_Bacteroidaceae_Bacteroides_vulgatus,Bacteria_Bacteroidota_Bacteroidia_Bacteroidales_Bacteroidaceae_Bacteroides_dorei,Bacteria_Bacteroidota_Bacteroidia_Bacteroidales_Bacteroidaceae_Bacteroides_caecimuris
S12-764-2,0,0,0,1,0,0,0,0,0,0,81,192,2,0,0,100,0,0,6,0,0,0,447,0,0,0,20,0,0,193,545,0,0
S3-764-2,0,0,14,0,0,11,0,0,0,0,25,1840,11,0,0,41,0,0,87,0,0,1,155,0,1,9,130,0,0,63,440,0,1
S6-764-2,0,0,12,0,0,0,0,0,0,0,0,1973,2,0,171,258,94,0,16,0,0,0,9,67,6,1,157,0,0,3,1102,140,0
S15-764-2,0,0,6,0,0,0,0,0,0,0,0,509,4,0,1,36,0,0,92,0,1,0,847,1,0,0,191,0,0,265,265,61,0
S9-764-1,0,1,0,0,0,5,0,16,0,0,46,1240,0,0,1,35,0,0,1,0,46,81,316,318,0,0,91,0,0,46,1231,1,0
S2-764-1,0,0,1,0,9,1,0,0,2,0,167,1305,11,0,0,2,0,0,40,0,0,0,1,0,2,62,383,0,0,0,11,583,0
S18-764-1,0,0,1,0,1,0,0,3,3,0,0,760,4,0,163,250,2,0,3,0,0,0,3,1949,0,0,521,0,0,3,29,1612,0
S19-764-2,0,0,1,0,2,1,0,3,0,0,35,593,1,0,0,48,0,0,154,0,2,1,170,0,6,0,195,0,0,163,406,13,0
S12-764-1,0,0,4,0,0,10,0,0,0,0,527,988,2,0,0,378,0,0,0,0,0,0,952,0,0,0,77,0,0,429,2265,4,0
S22-764-1,5,0,4,0,0,1,0,0,0,0,79,925,3,1,2,1,0,0,1,0,0,0,1,0,0,0,941,0,0,0,1377,3,0
S16-764-2,0,0,0,0,0,0,0,0,1,0,0,181,0,0,1,99,0,0,42,0,0,0,9,0,1,10,42,0,0,241,386,3,0
S24-764-1,0,0,3,0,0,2,0,0,0,0,4,2268,4,2,0,86,0,0,75,0,0,1,3,0,0,0,411,0,0,595,2244,3,0
S14-764-1,0,0,2,0,2,0,3,2,0,0,1,47,1,0,0,6,0,0,4,0,0,0,2,1,0,0,4,0,0,1,415,331,0
S7-764-1,0,0,3,0,1,0,0,0,0,0,0,1360,0,0,99,324,0,0,0,0,0,0,0,0,0,0,523,0,0,2,20,392,0
S4-764-1,0,0,3,0,0,0,0,0,0,0,3,91,1228,0,0,107,0,0,255,0,0,2,478,0,0,42,133,0,1,1,854,3,0
S9-764-2,0,0,1,0,0,17,0,42,0,0,32,1269,0,0,0,16,1,0,0,1,17,11,380,271,0,0,153,0,0,47,1218,4,0
S3-764-1,0,0,6,0,0,10,0,0,0,0,29,1905,15,0,0,55,0,0,159,0,0,0,155,1,0,6,207,0,0,91,463,1,0
S15-764-1,0,0,3,0,0,0,0,3,0,0,0,516,0,0,0,40,0,0,173,0,29,0,954,1,0,1,319,0,0,374,346,76,0
S5-764-2,1,9,1,11,3,0,0,0,0,0,2,74,2,0,137,576,0,0,2037,71,0,0,4,0,1,72,302,0,0,0,1072,4,0
S21-764-2,0,0,12,4,0,0,0,0,0,0,0,3243,61,0,0,211,0,0,3,0,0,0,0,0,121,0,663,0,0,0,934,3,0
S22-764-2,3,0,4,0,0,2,0,0,0,0,83,1236,2,0,5,2,0,0,1,0,0,0,0,0,0,0,939,0,0,0,1513,4,0
S4-764-2,0,0,3,0,0,0,0,0,0,0,0,110,1019,0,0,90,0,0,351,0,0,0,405,1,0,18,187,0,5,1,731,2,3
S17-764-1,0,0,13,0,0,0,0,0,0,0,0,960,3,0,0,3,0,0,3,9,0,0,2,0,0,0,3,0,0,0,1203,173,0
S14-764-2,0,0,0,0,7,1,2,0,0,0,0,29,2,0,0,1,0,0,0,0,0,0,0,0,0,0,8,0,0,0,217,152,0
S20-764-2,0,0,0,0,24,2,0,2,0,0,33,154,2,0,9,139,0,0,441,0,0,0,0,0,0,15,227,0,0,1,372,1,0
S24-764-2,0,0,1,0,0,0,0,1,0,0,9,1690,1,1,0,84,0,0,187,0,1,0,5,0,0,0,414,0,0,714,2068,1,2
S18-764-2,0,0,11,0,0,0,0,0,0,0,0,757,3,0,163,357,0,0,2,0,0,0,5,1575,0,2,408,0,0,0,17,1277,0
S1-764-1,0,0,1,0,3,0,0,0,0,0,14,597,2,0,0,91,0,0,447,2,0,0,927,7,8,0,146,0,0,87,539,1,0
S20-764-1,0,1,0,0,27,1,0,1,1,0,48,229,0,0,23,176,0,0,240,0,0,0,2,2,0,2,232,0,0,0,399,0,0
S5-764-1,0,1,0,0,4,0,0,0,0,0,1,87,0,0,129,516,0,0,2415,46,0,0,6,0,0,48,325,0,0,0,960,0,0
S1-764-2,0,1,7,0,1,1,0,0,0,0,10,314,0,0,0,51,0,0,355,0,0,0,853,9,8,0,112,0,0,92,596,2,0
S19-764-1,0,0,0,0,2,6,0,0,0,0,16,315,3,0,0,37,0,0,142,0,0,0,63,0,3,0,161,0,0,145,305,3,0
S16-764-1,0,0,2,0,1,0,0,0,1,0,0,106,5,0,0,73,0,0,24,0,0,0,16,0,0,23,52,0,1,229,329,1,0
S6-764-1,0,0,6,0,0,5,0,0,0,0,1,2456,5,0,207,380,139,0,20,1,0,0,4,104,7,0,185,0,0,1,1190,138,0
S2-764-2,0,0,2,1,1,4,0,0,1,0,156,1400,8,0,0,0,0,0,103,0,0,0,0,0,0,74,570,0,0,0,9,570,0
S21-764-1,0,0,5,0,0,0,0,0,1,0,0,3088,93,2,3,208,0,0,0,0,0,0,0,2,156,2,700,0,0,1,1033,2,0
S17-764-2,0,0,1,0,2,0,0,0,0,0,0,2621,2,0,0,8,0,0,0,30,0,0,0,1,0,2,3,0,0,0,1546,283,0
S7-764-2,0,0,4,2,1,0,0,0,0,0,2,976,3,0,108,188,0,0,5,0,0,0,2,0,0,0,484,0,0,0,3,312,0
S12-A554-2,0,0,0,0,0,3,0,0,0,0,178,278,1,0,0,216,0,0,4,3,0,0,742,0,0,0,24,0,0,307,872,3,0
S6-A554-2,0,0,4,0,0,2,0,1,0,0,1,994,4,0,233,356,29,0,8,4,0,0,4,46,7,0,155,0,0,0,1084,126,0
S3-A554-2,0,0,3,0,0,3,0,0,0,0,41,874,3,0,0,69,0,0,62,0,0,0,158,1,0,4,171,0,0,122,583,2,0
S15-A554-2,0,0,2,0,0,0,0,2,0,0,0,338,1,0,0,43,0,0,118,0,14,0,627,0,0,0,287,0,0,441,342,86,1
S9-A554-1,0,1,0,0,0,9,0,26,0,0,38,518,3,0,0,44,0,0,0,0,37,61,438,122,0,1,126,0,0,61,1338,4,0
S2-A554-1,0,0,0,0,4,0,0,0,0,0,210,701,22,0,1,2,0,0,38,0,0,1,2,0,1,131,533,1,0,0,27,735,0
S18-A554-1,0,0,0,0,1,0,0,2,0,0,2,501,2,0,266,549,0,0,1,0,0,0,3,682,0,0,636,0,0,1,34,2278,0
S20-A554-1,0,4,1,0,12,0,0,3,0,0,66,264,2,0,40,209,0,0,300,0,1,0,2,0,0,10,309,0,0,0,509,8,0
S19-A554-2,0,0,1,1,4,0,0,1,0,0,16,295,4,0,0,41,0,0,110,0,0,0,147,0,6,0,196,0,0,203,471,12,0
S12-A554-1,0,0,0,0,0,1,0,0,0,0,159,502,2,0,0,273,0,0,0,0,2,2,1119,1,0,0,38,0,0,318,1053,1,0
S22-A554-1,1,0,5,0,0,1,0,0,0,0,84,512,2,0,3,1,0,0,2,0,0,0,0,0,0,1,714,0,0,1,984,2,0
S24-A554-1,0,0,2,0,0,2,0,1,0,0,8,1322,0,1,0,82,0,0,65,0,0,0,3,1,0,0,353,0,0,567,2222,3,0
S14-A554-1,0,0,1,0,0,0,0,5,0,0,3,27,1,0,0,3,0,0,0,0,0,0,2,0,0,0,1,0,0,2,169,191,0
S16-A554-2,0,0,2,1,0,0,0,0,0,0,0,142,0,0,2,126,0,0,13,0,0,0,34,0,0,39,67,0,0,344,458,0,0
S7-A554-1,2,0,1,2,0,0,0,0,0,0,0,857,2,0,154,332,0,0,0,0,0,0,2,0,0,0,589,0,0,2,10,558,0
S4-A554-1,1,0,2,0,0,0,0,1,0,0,0,109,806,0,0,105,0,0,231,0,0,0,466,0,1,41,128,0,13,4,506,4,4
S9-A554-2,0,0,0,2,0,8,0,21,0,0,35,640,2,0,1,60,0,0,0,0,21,81,412,168,0,0,125,0,0,63,1409,4,0
S3-A554-1,0,1,4,0,0,0,0,0,0,0,43,981,8,0,0,84,0,0,77,0,1,0,172,0,0,16,256,0,0,133,598,2,0
S5-A554-2,0,5,0,2,1,0,0,0,0,0,0,55,1,0,153,550,0,0,1087,50,0,1,3,2,1,165,299,0,0,0,1105,5,0
S15-A554-1,0,0,0,1,0,0,0,5,0,0,0,366,1,0,1,41,0,0,79,1,9,0,603,0,0,0,279,0,0,417,372,61,0
S21-A554-2,0,0,3,0,0,4,0,0,1,0,1,1790,119,0,1,340,0,0,1,0,0,0,0,0,233,9,669,0,0,1,1336,0,0
S22-A554-2,1,0,0,0,0,0,0,0,0,0,64,634,4,0,2,0,0,0,3,2,0,0,0,0,0,0,880,0,0,1,1646,3,0
S4-A554-2,0,0,4,1,0,0,0,0,0,0,0,133,916,0,0,104,1,0,204,0,0,0,393,0,0,51,223,0,8,2,500,1,5
S14-A554-2,0,0,0,0,2,0,0,4,0,0,0,11,8,0,0,0,0,0,1,0,0,0,0,0,0,0,2,0,0,0,53,71,0
S17-A554-1,0,0,6,0,0,0,0,0,0,0,0,900,1,0,0,3,0,0,2,20,0,0,0,0,0,0,0,0,0,1,1136,260,0
S20-A554-2,3,1,0,0,16,1,0,0,0,0,38,183,8,0,43,173,0,0,268,0,0,0,0,0,0,6,297,0,0,0,596,1,0
S24-A554-2,0,0,6,0,1,0,0,0,0,0,4,1133,0,0,0,99,0,0,117,0,0,0,1,1,0,0,429,0,0,662,2500,2,0
S18-A554-2,0,0,9,0,3,0,0,2,0,1,0,572,2,0,281,412,0,0,4,0,0,0,0,815,0,0,497,0,0,3,30,1588,0
S1-A554-1,0,0,3,1,3,0,0,0,0,0,24,255,1,0,1,87,0,0,190,0,0,0,410,3,4,0,163,0,0,83,649,2,0
S5-A554-1,1,3,0,1,4,0,0,0,0,0,3,48,0,0,318,687,0,0,1403,62,0,0,0,1,2,90,352,0,0,4,1067,5,0
S19-A554-1,1,0,1,0,3,1,0,0,0,0,23,290,0,0,0,40,0,0,111,0,0,0,96,0,6,0,156,0,0,221,438,19,0
S16-A554-1,0,0,2,0,1,0,0,0,0,0,0,147,2,0,3,111,0,0,13,0,0,0,31,1,1,23,76,0,0,417,392,2,0
S6-A554-1,0,0,1,0,0,8,0,0,0,0,1,1196,4,0,324,467,38,0,10,0,0,0,7,196,13,1,231,0,0,0,1554,160,0
S2-A554-2,0,0,0,0,1,1,0,0,1,0,186,621,7,0,2,3,0,0,93,0,0,0,0,1,0,118,404,0,0,2,7,696,0
S1-A554-2,0,0,0,0,6,1,0,0,0,0,21,273,0,0,1,121,0,0,196,1,0,0,521,5,4,0,150,0,0,113,775,3,0
S21-A554-1,1,0,3,0,0,0,0,0,1,0,2,2417,111,0,0,258,0,0,2,0,0,0,0,0,216,3,765,0,0,6,1268,7,0
S17-A554-2,0,0,3,0,0,0,0,0,0,0,0,712,1,0,0,5,0,0,2,17,0,0,0,2,1,0,1,0,0,1,1042,170,0
S7-A554-2,0,0,1,0,3,0,0,0,0,0,0,620,1,0,84,339,0,0,1,0,0,0,0,0,0,0,513,0,0,0,5,476,0
S12-B57-2,0,0,0,2,0,1,0,0,0,0,141,560,3,0,0,242,0,0,3,0,0,0,752,2,0,0,20,0,0,231,818,1,0
S3-B57-2,0,0,1,0,0,1,0,0,0,0,35,302,2,0,0,92,0,0,38,0,0,0,149,2,0,7,139,0,1,148,604,2,0
S15-B57-2,1,0,1,0,0,0,0,2,0,5,2,369,0,0,0,48,0,0,115,0,10,0,418,0,0,0,245,0,0,461,458,57,0
S6-B57-2,0,0,7,0,0,0,0,0,0,0,0,1023,0,0,246,345,97,0,15,1,0,0,0,61,8,0,176,0,0,1,1200,145,0
S9-B57-1,0,0,1,0,0,4,0,22,0,0,52,397,3,0,0,67,0,0,2,0,36,77,347,85,0,0,83,0,0,58,1084,6,0
S2-B57-1,0,1,0,0,4,6,0,0,0,0,191,661,16,0,0,2,0,0,128,0,0,0,0,0,0,91,493,0,0,0,19,617,0
S18-B57-1,0,0,4,0,1,0,0,1,3,1,0,339,0,0,175,379,0,1,0,0,0,0,0,641,0,0,381,0,0,1,29,1804,0
S19-B57-2,3,0,2,0,7,0,0,0,1,0,22,355,0,0,0,54,0,0,175,0,1,0,159,1,16,0,242,0,0,182,439,10,0
S12-B57-1,0,0,0,1,0,0,0,0,0,0,150,530,1,0,0,186,0,0,0,0,0,1,642,0,0,0,46,0,0,242,747,3,0
S20-B57-1,0,0,3,0,44,0,0,0,0,0,106,405,0,0,40,223,0,0,173,0,0,0,1,0,0,13,391,0,0,2,590,0,0
S22-B57-1,3,0,3,0,0,2,0,0,0,0,69,420,3,0,1,1,0,0,0,0,0,0,0,1,0,0,612,0,0,1,950,3,0
S24-B57-1,0,1,11,0,0,0,0,0,0,0,5,1108,2,0,4,109,0,0,101,0,0,0,2,2,0,0,429,0,0,756,2259,5,0
S14-B57-1,0,0,0,0,5,0,0,1,0,0,0,28,4,0,0,1,0,0,2,0,1,0,1,0,0,0,5,0,0,0,256,166,0
S7-B57-1,0,0,3,5,2,1,0,1,0,0,0,601,3,0,109,390,0,0,1,0,0,0,0,1,0,0,543,0,0,1,16,478,1
S16-B57-2,0,0,0,0,0,0,0,0,0,0,0,163,2,0,1,138,0,0,68,0,0,0,30,0,0,39,61,0,0,331,429,4,0
S4-B57-1,0,0,0,0,0,0,0,0,0,0,0,76,996,0,0,189,0,0,147,0,0,0,543,0,0,39,156,0,3,1,564,2,0
S9-B57-2,0,0,1,0,0,8,0,25,0,0,44,539,0,0,0,43,0,0,1,0,23,56,355,113,0,0,132,0,0,62,1143,0,0
S3-B57-1,0,1,2,0,0,0,0,0,0,0,45,822,8,0,0,69,0,0,139,0,0,0,131,1,0,10,189,0,0,124,490,3,0
S5-B57-2,0,0,0,1,0,0,0,0,0,0,1,90,0,1,153,589,0,1,1141,64,0,0,2,2,0,113,311,0,0,2,1145,1,0
S21-B57-2,0,0,3,0,0,1,0,0,0,0,0,1824,144,1,0,274,0,0,0,0,0,0,0,0,184,1,748,0,0,0,1349,2,0
S22-B57-2,1,0,2,0,0,0,0,0,0,0,101,842,2,0,5,0,0,0,5,1,0,0,0,0,0,0,1162,0,0,1,1795,2,0
S4-B57-2,0,0,6,0,0,0,0,0,0,0,0,62,886,0,1,133,0,0,72,0,0,0,514,1,0,37,137,0,2,0,423,2,4
S14-B57-2,0,0,0,0,0,0,0,0,0,0,0,7,2,0,1,0,0,0,0,0,0,0,0,0,0,0,7,0,0,3,57,55,0
S20-B57-2,3,1,1,0,54,5,0,2,0,0,93,236,8,0,23,247,0,0,374,0,0,0,5,0,0,25,370,0,0,0,602,0,0
S17-B57-1,0,0,20,0,0,0,0,0,0,0,0,1553,2,1,0,5,0,0,2,33,1,0,9,0,0,0,2,0,0,0,1554,300,0
S24-B57-2,0,0,7,0,0,3,0,0,0,1,8,1007,5,0,0,86,0,0,164,0,0,0,4,1,1,0,386,0,0,750,1990,0,0
S18-B57-2,0,0,3,0,1,0,0,0,0,0,0,481,0,0,240,317,0,0,2,0,0,0,2,739,0,1,473,0,0,1,21,1590,0
S1-B57-1,0,0,8,1,3,0,0,0,1,0,22,191,1,0,2,100,0,0,230,0,0,0,361,4,7,2,148,0,0,114,657,1,0
S5-B57-1,0,2,0,1,3,0,0,0,0,0,1,79,0,0,182,588,0,2,1478,74,0,0,2,0,0,70,363,0,0,2,1056,3,0
S19-B57-1,0,0,2,0,7,0,0,0,0,0,38,407,0,0,0,60,0,0,135,0,0,0,108,0,9,0,215,0,0,315,385,19,0
S16-B57-1,0,0,0,0,0,0,0,0,0,0,0,247,0,0,3,108,0,0,47,0,0,0,35,1,0,33,57,0,1,337,447,2,0
S1-B57-2,0,0,1,0,5,0,0,1,0,0,28,445,0,0,0,120,0,0,288,0,0,0,564,9,4,0,254,0,0,126,767,1,0
S6-B57-1,0,0,5,0,1,1,0,0,0,0,0,1651,3,0,260,357,141,0,20,1,0,0,1,144,3,0,205,0,0,0,1151,152,0
S2-B57-2,0,0,0,0,1,2,0,0,4,0,190,519,4,0,0,0,2,0,198,0,0,0,0,0,0,83,500,0,0,0,11,499,0
S21-B57-1,0,0,4,0,0,2,0,0,0,0,1,1825,118,0,1,243,0,0,3,0,0,0,0,2,143,1,654,0,0,0,1169,2,0
S17-B57-2,0,0,8,0,0,0,0,0,0,0,0,1359,3,0,0,8,0,0,3,23,0,0,3,0,0,0,0,0,0,1,1366,284,0
S7-B57-2,0,0,1,0,1,0,0,0,0,0,0,706,4,0,115,300,0,0,0,0,0,0,0,0,0,0,542,0,0,1,8,388,0
S15-B57-1,0,0,1,0,0,0,0,9,0,0,0,349,1,0,1,47,0,0,145,0,10,0,511,0,0,0,245,0,0,333,361,61,0
S12-FBB0-2,0,0,0,0,0,4,0,0,0,0,167,129,3,0,2,27,0,0,1,0,0,0,85,0,0,0,27,0,0,111,461,2,0
S3-FBB0-2,0,0,3,0,0,3,0,0,0,0,49,434,3,0,1,28,1,0,87,0,0,0,193,1,0,9,404,0,0,234,745,2,0
S6-FBB0-2,0,0,4,0,0,7,0,0,0,0,0,896,10,0,292,353,20,0,4,2,0,0,2,37,16,5,585,0,0,2,2538,400,0
S15-FBB0-2,0,0,0,0,0,0,0,4,0,0,0,134,3,0,0,37,0,0,57,0,374,0,533,0,0,0,459,0,1,701,653,94,0
S9-FBB0-1,0,0,3,0,0,59,0,124,0,0,114,178,1,0,2,25,0,0,1,0,1099,593,637,248,0,0,57,0,0,247,2644,3,2
S2-FBB0-1,0,7,1,0,7,12,0,0,0,0,355,118,3,0,0,3,0,0,86,0,0,0,2,0,0,105,335,2,0,3,10,722,0
S18-FBB0-1,0,0,1,0,0,0,0,2,0,0,2,175,0,0,311,469,0,0,4,0,2,0,1,335,1,0,450,0,0,2,60,2788,0
S19-FBB0-2,1,0,1,0,2,0,0,0,0,0,110,103,1,0,0,46,0,0,10,0,0,0,79,0,19,0,182,0,0,267,486,20,0
S12-FBB0-1,0,0,0,0,0,0,0,0,0,0,157,125,2,0,4,26,0,0,0,0,0,0,81,0,0,0,18,0,0,104,437,1,0
S20-FBB0-1,0,1,1,0,12,3,0,1,0,0,59,67,0,0,10,108,3,0,80,0,0,0,3,0,0,11,248,0,0,1,253,2,0
S22-FBB0-1,5,0,1,0,0,0,0,1,0,0,219,441,2,0,4,2,0,0,1,0,0,1,0,0,0,0,2689,0,0,0,1344,4,0
S24-FBB0-1,0,1,1,0,0,7,0,1,1,0,25,517,7,0,0,72,0,0,35,0,2,2,3,0,0,0,624,0,0,849,2662,3,0
S14-FBB0-1,0,0,0,0,0,0,0,0,0,0,0,10,1,0,0,5,0,0,3,0,0,0,4,1,0,0,10,0,0,0,26,12,0
S7-FBB0-1,2,0,0,0,2,0,0,0,0,0,0,248,2,0,386,535,0,0,2,0,0,0,2,0,0,0,1087,0,0,0,15,1249,0
S4-FBB0-1,0,0,0,0,0,0,0,0,0,0,0,45,1016,0,0,307,0,2,48,0,0,0,624,1,0,208,219,0,10,0,495,2,1
S16-FBB0-2,1,0,0,0,0,0,0,0,0,0,0,78,1,0,6,104,0,0,5,0,0,0,84,0,0,16,72,0,0,373,609,0,0
S9-FBB0-2,0,0,0,0,0,74,0,125,0,0,110,183,3,0,0,16,0,0,0,0,994,529,590,268,0,0,69,0,0,203,2641,3,0
S3-FBB0-1,3,0,4,0,0,1,0,0,0,0,110,682,4,0,1,51,0,0,135,0,0,0,269,3,0,25,648,0,0,349,915,3,0
S5-FBB0-2,0,5,0,3,1,0,0,0,0,0,0,13,0,0,250,577,1,4,466,60,0,1,9,0,0,100,694,0,0,1,1755,3,0
S21-FBB0-2,0,1,1,0,0,0,0,0,2,0,0,2182,122,1,0,242,0,0,1,0,0,0,0,0,364,9,1437,0,0,1,1892,4,0
S22-FBB0-2,16,0,2,0,0,3,0,0,0,0,212,366,4,0,3,5,0,0,2,0,0,0,2,0,1,0,2580,0,0,1,1529,0,0
S17-FBB0-1,0,0,0,0,0,0,0,0,0,0,0,1379,0,0,0,10,0,0,1,58,0,0,2,0,0,0,6,0,0,4,2380,400,0
S4-FBB0-2,0,0,1,0,0,0,0,0,0,0,0,51,1006,0,0,319,0,0,44,0,0,0,464,0,0,152,198,0,4,1,553,6,0
S14-FBB0-2,0,0,0,0,0,0,0,0,0,0,0,6,2,0,1,0,0,0,1,0,0,0,3,1,0,1,7,0,0,0,10,6,0
S20-FBB0-2,0,0,0,0,23,1,0,2,0,0,52,68,3,0,16,95,0,0,85,0,0,0,2,0,0,7,225,0,0,0,266,0,0
S24-FBB0-2,0,0,5,0,1,1,0,1,1,0,27,513,0,0,0,87,0,0,47,0,0,1,2,2,0,1,530,0,0,979,3000,8,0
S18-FBB0-2,0,0,1,0,4,0,0,1,2,0,0,154,5,0,308,414,0,0,4,0,0,0,2,373,2,0,538,0,0,1,43,2796,0
S1-FBB0-1,0,0,3,0,9,0,0,0,0,0,127,530,2,0,0,45,0,0,212,0,0,0,842,8,18,2,485,0,0,216,1363,3,0
S5-FBB0-1,0,5,0,3,0,0,0,0,0,0,0,7,0,0,236,576,0,0,438,47,0,0,3,0,0,49,498,0,0,0,1831,5,0
S19-FBB0-1,0,0,3,0,9,0,0,0,0,0,111,99,2,0,0,25,0,0,30,0,0,0,95,0,9,0,219,0,0,239,488,15,0
S16-FBB0-1,0,0,0,0,0,0,0,1,0,0,0,96,3,0,3,87,0,0,10,0,1,0,149,0,0,8,98,0,0,390,664,2,0
S1-FBB0-2,0,1,2,0,6,3,0,0,3,0,92,517,2,0,0,54,0,0,199,0,0,0,973,3,23,0,480,0,0,278,1409,11,0
S6-FBB0-1,0,0,2,0,0,3,0,1,0,0,0,889,6,1,303,356,22,0,6,6,1,0,5,27,17,0,623,0,0,0,2704,406,0
S2-FBB0-2,0,0,5,0,8,14,0,0,2,0,384,147,0,0,0,0,0,0,63,0,0,0,0,0,0,108,376,0,0,1,11,756,0
S21-FBB0-1,1,0,0,0,0,1,0,0,0,0,1,2472,172,0,0,233,0,0,0,0,0,0,0,0,413,12,1249,0,0,4,1798,4,0
S15-FBB0-1,0,0,0,0,0,0,0,0,0,0,0,158,0,0,0,49,0,0,51,0,255,0,521,2,0,0,499,0,0,890,670,121,0
S17-FBB0-2,0,0,0,0,0,0,0,0,0,0,0,1425,0,0,1,26,0,0,0,39,0,0,2,0,0,0,3,0,0,0,2618,395,0
S7-FBB0-2,0,0,1,0,9,0,0,0,0,0,3,269,0,0,398,434,0,0,1,0,0,0,0,3,0,0,1153,0,0,1,22,1329,0
S12-HP301-2,0,0,2,0,0,2,0,0,0,0,82,345,0,0,1,136,0,0,5,1,0,0,513,0,0,0,22,0,0,230,716,4,0
S3-HP301-2,1,1,14,0,0,2,0,0,0,0,27,1131,4,1,0,68,0,0,93,0,0,0,208,1,0,14,216,0,0,45,554,1,0
S15-HP301-2,0,0,4,0,0,0,0,0,0,0,0,393,3,0,1,55,0,0,49,0,0,0,673,1,0,0,178,0,0,273,292,81,2
S9-HP301-1,0,1,1,3,1,10,0,35,0,0,45,973,6,0,0,39,0,0,0,0,24,61,280,161,2,0,98,0,0,39,1129,5,0
S6-HP301-2,0,0,7,0,0,1,0,0,0,0,0,1593,2,0,225,342,114,0,15,0,0,0,1,49,10,2,212,0,0,1,1210,159,0
S2-HP301-1,0,0,0,0,5,0,0,0,2,0,175,1288,20,0,0,7,0,0,79,0,1,0,0,0,0,100,534,0,0,0,15,671,0
S18-HP301-1,0,0,1,0,0,0,0,0,0,0,0,504,0,2,138,275,0,0,1,0,0,2,3,1044,0,0,379,0,0,0,35,1581,0
S19-HP301-2,0,2,2,1,4,1,0,1,0,0,25,476,0,0,0,51,0,0,234,0,0,0,100,1,5,3,171,0,0,163,358,7,0
S20-HP301-1,0,3,4,0,18,0,0,0,0,0,63,336,0,0,32,254,0,1,440,0,0,0,0,0,0,18,311,0,0,1,566,1,1
S12-HP301-1,0,0,0,0,0,0,0,0,0,0,66,280,1,0,0,110,0,0,1,0,0,0,513,0,0,0,28,0,0,198,579,2,0
S22-HP301-1,3,0,5,0,0,1,0,0,0,0,84,845,2,0,4,1,0,0,0,0,0,0,0,2,0,0,1051,0,0,1,1612,7,1
S24-HP301-1,0,4,4,0,0,1,0,0,0,0,3,1301,2,0,0,106,0,0,78,0,0,2,2,0,0,0,301,0,0,815,2049,1,0
S14-HP301-1,0,0,1,0,0,0,0,0,0,0,0,35,1,0,1,3,0,0,1,0,0,0,6,1,0,0,6,0,0,0,285,235,0
S16-HP301-2,0,0,1,0,0,0,0,0,0,0,0,214,4,0,1,108,0,0,36,0,0,0,24,0,0,25,56,0,0,321,380,0,0
S7-HP301-1,1,0,4,1,1,0,0,1,0,0,0,812,5,0,131,327,0,0,0,0,1,0,3,1,0,1,493,0,0,0,12,467,0
S4-HP301-1,0,2,2,0,0,0,0,0,0,0,0,99,858,0,0,132,0,0,283,0,0,0,448,0,0,40,148,0,18,0,732,4,6
S9-HP301-2,0,1,1,0,0,6,0,28,0,0,46,599,0,0,2,48,0,0,3,0,17,63,287,142,0,0,109,0,0,48,1018,3,0
S3-HP301-1,0,0,12,0,0,1,0,1,0,0,45,1100,4,0,0,64,0,0,122,0,0,0,147,1,0,6,151,0,0,122,518,3,1
S5-HP301-2,0,3,0,1,1,0,0,0,0,0,0,75,1,0,109,370,0,0,1031,47,0,0,1,2,0,63,243,0,0,2,851,4,0
S21-HP301-2,0,0,8,0,0,1,0,0,0,0,0,3097,106,1,0,207,0,0,0,0,0,0,2,2,127,13,611,0,0,0,1042,1,0
S22-HP301-2,5,0,7,0,0,0,0,0,0,0,53,623,2,0,7,2,0,0,0,0,0,0,1,0,0,0,602,0,0,2,1037,1,0
S4-HP301-2,1,0,2,0,0,0,0,0,0,0,0,119,830,0,0,89,0,0,227,2,0,0,438,0,1,37,176,0,4,0,663,0,1
S17-HP301-1,0,0,10,0,0,0,0,0,0,0,0,1456,1,0,0,5,0,0,4,20,1,0,4,0,0,0,1,0,2,2,1473,278,0
S14-HP301-2,0,0,0,0,4,3,0,3,0,0,0,27,0,0,1,4,0,0,1,0,0,0,0,0,1,0,4,0,0,0,214,221,0
S20-HP301-2,0,5,3,0,21,1,0,2,7,0,50,222,4,3,18,161,0,0,503,0,0,0,1,0,0,11,321,0,0,0,527,1,0
S24-HP301-2,0,2,8,0,0,0,0,0,0,0,0,1266,0,0,1,93,0,0,224,0,1,0,3,0,0,0,382,0,0,552,2343,1,0
S18-HP301-2,0,1,2,0,0,0,0,0,0,0,0,526,1,0,209,278,1,0,2,0,0,0,3,1054,0,1,443,0,0,3,28,1448,0
S1-HP301-1,0,0,4,1,2,0,0,0,0,0,20,355,3,0,0,98,0,0,331,0,0,0,632,10,5,0,171,0,0,123,657,4,0
S5-HP301-1,0,6,0,1,0,0,0,0,0,0,0,86,2,0,131,440,0,2,2264,52,0,0,0,0,3,63,292,0,0,0,1043,2,0
S19-HP301-1,0,1,4,0,3,1,0,1,0,0,36,427,1,0,3,46,0,0,175,0,0,0,83,1,7,0,179,0,0,287,366,13,0
S16-HP301-1,0,0,0,0,0,0,0,1,0,0,0,193,3,0,0,95,0,0,44,0,0,0,21,0,0,20,50,0,0,247,368,1,0
S6-HP301-1,0,0,1,0,1,63,0,0,0,0,1,1714,3,0,288,378,66,0,12,7,0,1,1,43,3,0,247,0,0,1,1406,200,0
S1-HP301-2,0,1,0,0,5,0,0,0,2,0,15,283,0,0,0,75,0,0,355,0,0,0,584,4,4,0,121,0,0,116,739,3,0
S2-HP301-2,0,1,1,0,3,1,0,0,0,0,148,1172,11,0,0,1,1,0,124,0,0,0,2,0,0,110,539,0,0,1,15,541,0
S21-HP301-1,0,0,5,0,0,0,0,0,4,0,0,3097,106,0,0,242,0,0,2,0,0,0,0,0,204,5,677,0,0,0,986,1,0
S17-HP301-2,0,0,6,0,0,0,0,0,0,0,0,1161,2,0,0,5,0,0,2,15,0,0,0,0,0,0,6,0,0,5,1191,273,0
S15-HP301-1,1,0,1,0,0,0,0,2,0,0,0,395,0,0,0,37,0,0,91,0,1,0,596,0,0,0,199,0,0,291,323,59,0
S7-HP301-2,2,0,1,2,4,1,0,0,0,0,2,898,1,0,80,261,0,0,6,0,0,0,0,0,0,3,465,0,0,0,11,418,1
S12-LH60-2,0,0,0,0,0,0,0,0,0,0,127,485,0,0,0,206,0,0,3,0,0,0,650,0,0,0,45,0,0,264,845,2,0
S6-LH60-2,0,0,14,0,0,3,0,0,0,0,0,1334,1,0,261,299,30,0,5,0,0,0,0,10,7,0,145,0,0,2,1089,117,1
S3-LH60-2,3,0,13,0,0,1,0,0,0,0,37,988,7,0,0,96,0,0,64,0,0,0,201,3,0,4,195,0,0,81,465,1,1
S15-LH60-2,0,0,3,0,0,0,0,0,0,0,0,401,2,0,1,52,0,0,85,0,0,0,589,0,0,0,218,0,0,434,418,41,0
S9-LH60-1,0,0,2,0,0,11,0,17,0,0,38,577,0,0,0,58,0,0,0,0,28,135,322,195,0,0,133,0,0,85,1344,1,0
S2-LH60-1,0,1,3,0,0,0,0,0,2,0,156,566,5,0,0,3,0,0,100,0,0,0,5,0,0,91,418,0,0,1,7,522,0
S18-LH60-1,0,0,1,0,0,0,0,5,2,0,0,506,0,0,197,388,0,0,3,0,0,0,1,721,1,0,499,0,0,3,36,1965,0
S19-LH60-2,0,1,2,0,2,0,0,1,0,0,27,247,1,0,0,51,0,0,131,0,0,0,104,0,5,0,140,0,0,150,308,13,0
S12-LH60-1,0,0,2,1,0,0,0,0,0,0,129,410,2,0,1,180,0,0,0,0,0,0,600,0,0,0,33,0,0,245,729,0,0
S22-LH60-1,0,0,0,0,0,0,0,0,0,0,98,852,0,0,4,2,0,0,0,0,0,0,0,1,0,0,1040,0,0,0,1672,0,0
S24-LH60-1,0,0,2,0,2,1,0,0,1,0,28,1385,6,0,0,131,0,0,61,0,0,0,1,0,0,0,534,0,0,567,2365,3,0
S16-LH60-2,0,0,2,0,0,0,0,0,0,0,0,178,1,0,5,125,0,0,55,0,0,0,18,0,0,26,57,0,0,377,452,0,0
S14-LH60-1,0,0,0,0,0,3,0,1,0,0,2,33,1,0,1,5,0,0,1,0,0,0,4,0,0,2,8,0,0,2,267,205,0
S7-LH60-1,0,0,6,2,0,0,0,0,0,0,0,776,2,0,116,340,0,0,1,0,0,0,0,1,0,1,561,0,0,2,7,446,0
S4-LH60-1,0,0,3,0,0,0,0,0,0,0,0,59,904,0,0,89,0,0,225,0,0,0,455,0,0,32,151,0,6,0,558,2,0
S9-LH60-2,0,0,1,0,0,9,0,31,0,0,54,700,0,0,1,25,1,0,2,0,20,46,337,176,0,0,156,0,0,63,1172,4,0
S3-LH60-1,2,1,6,0,0,3,0,0,0,0,33,817,1,0,2,65,0,0,147,0,0,0,128,1,0,10,190,0,0,115,501,4,0
S5-LH60-2,0,3,0,0,1,0,0,0,0,0,0,55,0,0,119,440,0,0,1301,47,0,0,4,0,0,117,297,0,0,0,990,0,0
S21-LH60-2,0,0,4,0,0,2,0,0,1,0,0,2643,186,0,1,277,0,0,2,0,0,0,0,1,181,3,693,0,0,0,1201,1,0
S22-LH60-2,6,0,1,0,0,0,0,0,0,0,92,770,4,0,1,1,0,0,1,0,0,0,0,0,0,3,1059,0,0,0,1713,3,0
S4-LH60-2,0,0,0,0,0,0,0,0,0,0,0,96,1156,0,1,112,0,0,292,0,0,0,336,0,0,33,145,0,5,2,501,1,1
S14-LH60-2,0,0,0,0,0,0,2,0,0,0,0,30,1,0,1,0,0,0,2,0,0,0,2,0,0,0,10,0,0,0,177,204,0
S20-LH60-2,2,2,1,0,26,5,0,3,0,0,67,160,12,0,13,176,0,0,433,0,0,0,0,1,0,12,294,0,0,0,473,0,0
S17-LH60-1,0,0,6,0,0,0,0,0,0,0,0,1539,2,0,0,4,0,0,0,37,0,0,1,0,0,0,1,0,0,0,1683,310,1
S24-LH60-2,0,0,0,0,0,0,0,0,0,0,18,1143,2,2,0,148,0,0,127,0,0,0,4,3,1,0,444,0,0,765,2542,2,0
S18-LH60-2,0,0,3,0,0,0,0,0,0,0,0,435,4,0,245,360,0,0,2,0,0,0,0,1079,0,0,476,0,0,6,39,1625,0
S1-LH60-1,0,0,1,0,0,0,0,0,0,0,13,213,0,0,0,50,0,0,280,0,0,0,438,6,3,0,103,0,0,105,593,7,0
S5-LH60-1,0,2,0,0,4,0,0,0,0,0,0,74,1,0,161,555,0,0,1497,45,0,0,4,0,2,41,308,0,0,1,946,6,0
S1-LH60-2,0,0,2,1,3,0,0,1,0,0,11,191,0,0,0,75,0,0,315,0,0,0,662,6,5,0,118,0,0,139,665,1,0
S19-LH60-1,0,0,0,0,1,0,0,2,0,0,30,315,2,0,1,38,0,0,105,0,0,0,72,1,8,0,198,0,0,303,374,19,0
S16-LH60-1,0,0,0,0,0,0,0,0,0,0,0,222,3,0,1,109,1,0,51,0,1,0,20,0,3,23,57,0,0,289,415,0,0
S6-LH60-1,0,0,2,0,0,3,0,0,0,0,0,1447,6,0,268,341,116,0,5,0,2,0,2,77,9,4,220,0,0,2,1039,179,0
S2-LH60-2,0,2,0,0,10,4,0,0,3,0,221,682,10,0,0,3,0,0,123,0,0,0,0,2,1,94,455,0,0,0,11,634,0
S21-LH60-1,0,0,11,0,0,0,0,0,2,0,0,2248,107,0,1,241,0,0,2,0,0,0,1,2,166,3,746,0,0,3,1163,12,1
S17-LH60-2,0,0,6,0,0,0,0,0,0,0,0,1568,2,0,0,8,0,0,4,26,0,0,2,0,0,0,1,0,0,3,1338,289,0
S7-LH60-2,0,0,3,5,2,0,0,0,0,0,2,491,9,0,114,289,0,0,2,0,0,0,0,0,0,0,492,0,0,0,10,378,0
S12-NC262-2,0,0,0,0,0,2,0,0,0,0,283,721,0,0,0,334,0,0,0,1,0,0,878,2,0,1,49,0,0,335,1318,2,0
S3-NC262-2,1,1,9,1,0,0,0,0,0,0,37,855,2,0,0,78,0,0,137,0,0,0,180,0,0,11,219,0,0,123,625,1,0
S15-NC262-2,0,1,1,0,0,0,0,3,0,1,0,195,1,0,0,42,0,0,58,0,13,0,409,1,0,0,203,0,0,345,290,62,0
S9-NC262-1,0,0,0,0,0,17,0,37,0,0,47,427,2,0,0,38,1,0,0,0,34,29,504,127,0,0,164,0,0,98,1631,4,0
S2-NC262-1,0,0,0,0,1,1,0,0,2,0,140,341,6,0,0,0,0,0,100,0,0,0,2,0,1,108,341,0,0,1,8,484,0
S6-NC262-2,0,0,8,0,0,3,0,0,0,0,0,906,0,0,228,422,75,0,19,0,0,0,1,40,2,3,193,0,0,1,1415,173,0
S18-NC262-1,0,0,2,0,1,0,0,2,2,0,1,293,3,2,189,385,0,2,4,0,0,0,5,603,0,0,454,0,0,0,37,2071,0
S19-NC262-2,0,0,4,0,1,0,0,3,1,0,36,272,0,0,0,81,0,0,128,0,0,0,174,0,11,0,196,0,0,168,443,17,0
S12-NC262-1,0,0,0,1,0,1,0,0,0,0,114,242,1,0,0,191,0,0,7,0,0,0,576,0,0,0,21,0,0,277,757,2,0
S22-NC262-1,5,0,3,0,0,3,0,0,0,0,76,415,2,0,1,0,0,0,0,0,0,0,2,0,0,0,853,0,0,1,1421,5,0
S24-NC262-1,0,0,0,0,0,3,0,0,0,0,12,940,0,1,1,122,0,0,48,0,0,0,0,2,0,0,419,0,0,748,2323,2,0
S16-NC262-2,0,0,1,0,0,1,0,0,1,0,0,169,0,0,2,154,0,0,33,0,0,0,28,0,0,40,59,0,0,403,465,0,0
S14-NC262-1,0,0,0,0,1,1,0,1,0,0,0,46,2,0,0,3,0,0,2,2,1,2,2,0,0,0,3,0,0,1,320,278,0
S7-NC262-1,0,0,0,2,3,0,0,0,0,0,0,587,1,0,126,346,0,0,0,0,0,0,1,0,0,3,587,0,0,0,7,415,0
S4-NC262-1,0,3,0,0,0,0,0,0,0,0,0,71,647,0,1,111,0,0,188,0,0,0,384,1,0,32,105,0,3,0,442,0,0
S9-NC262-2,0,0,0,0,0,11,0,34,0,0,52,451,3,0,1,52,0,0,2,0,16,41,456,144,1,0,181,0,0,69,1306,4,0
S3-NC262-1,0,3,1,0,0,0,0,0,0,0,51,892,2,0,0,94,0,0,178,0,0,0,160,1,0,18,285,0,0,173,714,1,0
S5-NC262-2,0,2,0,3,2,0,0,0,0,0,1,52,4,0,185,624,0,0,800,48,0,0,5,1,0,121,366,0,0,1,1140,1,0
S15-NC262-1,0,0,0,2,0,0,0,0,0,0,0,210,2,0,1,45,1,0,94,0,8,0,354,0,0,0,206,0,0,367,250,61,0
S21-NC262-2,0,0,4,0,0,0,0,0,0,0,0,1898,110,0,0,329,0,0,3,0,0,0,1,3,213,5,700,0,0,0,1233,5,0
S22-NC262-2,1,0,0,0,0,2,0,0,0,0,101,451,1,0,7,1,0,0,0,0,0,0,1,1,0,0,935,0,0,4,1535,2,0
S17-NC262-1,0,0,3,0,0,0,0,0,0,0,0,1057,4,0,0,9,0,0,0,24,0,0,2,0,0,0,20,0,0,2,1543,329,0
S4-NC262-2,1,0,0,0,0,0,0,0,0,0,0,63,901,0,0,137,0,0,208,0,0,0,455,0,0,22,199,0,6,2,590,2,4
S14-NC262-2,0,0,0,0,2,0,0,2,0,0,0,17,0,0,0,3,0,0,2,0,0,0,2,0,0,0,8,0,0,0,92,91,0
S20-NC262-2,2,0,5,0,28,2,0,3,0,0,84,183,9,1,30,171,0,0,336,0,0,0,3,6,1,6,310,0,0,1,555,3,0
S24-NC262-2,0,0,3,0,0,2,0,0,0,0,11,805,1,0,0,116,0,0,73,0,0,0,2,3,2,1,407,0,0,626,2341,3,0
S18-NC262-2,0,0,4,0,0,0,0,0,0,0,0,363,1,0,391,337,3,0,4,0,0,0,3,866,0,0,590,0,0,0,28,1757,0
S20-NC262-1,2,0,0,0,32,1,0,2,0,0,56,176,1,0,45,191,0,0,341,0,0,0,2,0,1,14,367,0,0,0,496,4,0
S1-NC262-1,1,0,0,0,0,0,0,0,0,0,26,203,0,0,1,94,0,0,185,0,0,0,355,3,2,0,138,0,0,107,579,4,0
S5-NC262-1,0,4,0,0,3,0,0,0,0,0,3,62,0,0,152,587,0,0,1111,49,0,0,5,1,0,88,363,0,0,0,1074,1,0
S19-NC262-1,0,0,0,0,12,0,0,2,0,0,32,245,1,0,0,53,0,0,105,0,0,0,94,0,10,0,220,0,0,276,375,15,0
S16-NC262-1,0,0,0,0,0,0,0,0,0,0,0,190,6,0,1,112,1,0,46,0,0,0,34,0,0,22,86,0,1,366,507,0,0
S6-NC262-1,0,0,1,0,0,7,0,0,0,0,2,946,0,0,276,363,87,0,12,1,0,0,2,97,6,2,180,0,0,3,1203,168,0
S2-NC262-2,0,0,0,0,0,3,0,0,3,0,169,178,5,0,3,1,0,0,21,0,0,0,2,0,0,80,438,0,1,0,7,510,0
S1-NC262-2,0,0,0,1,0,0,0,0,0,0,17,252,1,0,0,88,0,0,170,1,0,0,350,8,8,0,149,0,0,113,592,7,0
S21-NC262-1,0,0,0,0,0,0,0,1,1,0,0,2108,111,0,2,341,0,0,3,0,0,0,3,2,261,7,822,0,0,1,1235,4,0
S17-NC262-2,0,0,3,0,0,0,0,0,0,0,1,1612,1,0,0,18,0,0,3,36,0,0,4,0,0,0,3,0,0,1,1705,262,0
S7-NC262-2,1,0,2,5,3,0,0,0,0,0,0,577,0,0,98,381,0,0,2,0,0,0,2,1,0,0,568,0,0,2,15,516,0
S12-PHG35-2,0,0,0,0,0,0,0,0,0,0,100,390,2,0,0,137,0,2,0,0,1,0,668,1,0,0,24,0,0,266,862,0,0
S3-PHG35-2,0,0,20,1,0,0,0,0,0,0,33,1517,7,0,0,65,0,0,57,0,0,0,188,0,0,3,197,0,0,53,420,1,0
S15-PHG35-2,0,0,4,0,0,1,0,1,0,0,1,429,0,0,0,51,0,0,34,0,1,0,717,0,0,0,209,0,0,291,313,63,2
S6-PHG35-2,0,0,14,0,0,1,0,0,0,0,0,1720,4,0,194,292,85,0,11,0,1,0,3,37,5,0,190,0,0,2,1026,126,0
S9-PHG35-1,0,0,2,0,0,5,0,23,0,0,45,891,2,0,2,22,1,0,2,0,14,23,396,221,0,0,138,0,0,59,1288,2,0
S2-PHG35-1,1,0,2,0,0,0,0,0,5,0,190,858,22,0,0,1,0,0,68,0,0,0,2,0,0,88,431,0,0,0,7,578,0
S18-PHG35-1,0,0,1,0,0,0,0,1,0,0,0,488,4,1,153,246,1,0,5,0,0,0,1,1008,0,2,381,0,0,1,30,1686,0
S19-PHG35-2,1,1,1,0,4,1,0,1,1,0,27,467,0,0,2,43,0,0,220,0,0,0,140,0,1,0,162,0,0,148,377,7,0
S12-PHG35-1,0,0,0,0,0,0,0,0,0,0,162,736,1,0,0,205,0,0,1,0,0,0,805,1,0,0,36,0,0,198,806,3,0
S22-PHG35-1,2,0,3,0,0,0,0,0,0,0,75,643,0,0,3,1,0,0,0,0,0,0,4,4,0,0,672,0,0,0,909,2,0
S24-PHG35-1,0,0,6,0,1,3,0,0,0,0,11,1626,4,1,0,125,0,0,46,0,0,0,4,2,0,0,429,0,0,1033,2201,2,0
S14-PHG35-1,0,0,0,0,0,0,0,1,0,0,0,19,0,0,1,3,0,0,3,0,0,0,0,0,0,0,7,0,1,3,249,203,0
S7-PHG35-1,0,0,8,1,2,1,0,0,0,0,0,1242,5,0,121,302,0,0,4,0,0,0,1,1,0,0,514,0,0,0,18,487,0
S16-PHG35-2,0,0,0,0,0,0,0,0,0,0,0,202,0,0,0,109,0,0,54,0,0,0,34,1,0,28,60,0,0,312,414,0,0
S4-PHG35-1,0,0,2,0,0,0,0,0,0,0,0,138,949,0,0,128,0,0,302,0,0,1,500,0,0,25,169,0,3,0,564,0,5
S9-PHG35-2,0,0,0,0,1,8,0,29,0,0,52,831,1,0,1,18,0,0,2,0,17,20,348,192,0,0,120,0,0,53,1054,3,0
S3-PHG35-1,3,0,9,0,0,0,0,0,0,0,36,1336,7,0,0,65,0,0,185,0,0,0,146,0,0,9,203,0,0,110,507,0,0
S5-PHG35-2,0,5,0,1,2,0,0,1,0,0,0,61,0,0,117,360,0,1,1656,45,0,0,4,0,0,72,230,0,0,0,891,1,0
S21-PHG35-2,0,0,6,0,0,0,0,0,0,0,2,2833,135,1,0,272,0,0,1,0,0,0,0,2,155,3,765,0,0,0,1253,0,0
S17-PHG35-1,0,0,29,0,0,0,0,0,0,0,1,1468,2,0,0,6,0,0,0,22,0,0,11,0,0,0,3,0,0,2,1398,264,0
S22-PHG35-2,3,0,1,0,0,0,0,0,0,0,65,984,0,0,9,1,0,0,1,0,0,0,0,1,1,0,826,0,0,1,1485,4,0
S4-PHG35-2,0,0,0,2,0,0,0,0,0,0,0,115,888,0,0,111,0,0,341,0,0,0,409,0,0,27,174,0,7,1,692,0,3
S14-PHG35-2,0,0,0,0,0,0,0,1,0,0,0,32,2,0,0,2,0,0,0,0,0,0,1,1,0,0,2,0,0,1,211,175,0
S20-PHG35-2,1,1,0,0,20,3,0,8,1,0,43,202,7,0,8,158,0,0,457,0,0,0,3,0,0,9,294,0,0,0,480,1,0
S24-PHG35-2,0,0,9,0,2,3,0,0,0,0,7,1267,5,0,1,89,0,0,168,0,0,0,3,1,0,0,374,0,0,671,1806,0,0
S18-PHG35-2,0,0,7,0,0,0,0,2,1,0,0,534,0,0,331,349,0,0,1,0,0,0,5,1204,0,0,490,0,0,0,23,1537,0
S1-PHG35-1,0,0,1,0,5,0,0,0,0,0,16,279,3,0,1,42,0,0,330,0,0,0,699,9,6,0,120,0,0,97,575,1,0
S5-PHG35-1,0,2,0,1,2,0,0,0,0,0,0,59,4,0,140,418,0,3,1686,50,0,0,4,0,4,35,286,0,0,1,932,2,0
S19-PHG35-1,1,0,1,0,1,1,0,0,1,0,19,322,1,0,0,40,0,0,182,0,0,0,51,0,1,2,168,0,0,175,381,10,0
S1-PHG35-2,0,0,2,2,4,2,0,0,0,0,10,354,1,0,0,88,0,0,316,0,0,0,708,12,6,0,137,0,0,81,601,1,0
S16-PHG35-1,0,0,0,0,0,0,0,0,0,0,0,199,2,0,2,81,0,0,40,0,0,0,15,0,0,14,60,0,0,331,363,0,0
S6-PHG35-1,0,0,1,0,0,3,0,0,0,0,0,1914,1,0,336,422,108,0,29,2,0,0,4,257,10,1,245,0,0,3,1378,131,0
S2-PHG35-2,0,0,2,0,1,4,0,0,2,0,206,795,7,0,1,1,0,0,56,0,0,0,0,0,0,67,473,0,0,0,7,531,1
S21-PHG35-1,0,0,3,0,0,0,0,0,5,0,0,3551,109,0,1,221,1,0,2,0,0,0,0,4,126,4,720,0,0,0,930,6,0
S17-PHG35-2,0,0,12,0,0,1,0,0,0,0,0,1666,0,0,0,7,0,0,1,26,0,0,3,1,0,0,1,0,0,3,1565,265,0
S7-PHG35-2,0,0,2,0,1,0,0,0,0,0,0,673,1,0,90,268,0,0,4,0,0,0,4,1,0,0,471,0,0,1,13,379,0
S12-PHG39-2,0,0,0,1,0,1,0,0,0,0,97,220,0,0,0,124,0,0,3,0,0,0,393,4,0,0,23,0,0,256,733,0,0
S3-PHG39-2,0,1,4,0,0,0,0,0,0,0,30,724,10,0,1,65,0,0,132,0,0,0,124,1,0,7,167,0,0,97,556,5,0
S15-PHG39-2,0,1,4,0,0,0,0,1,0,0,1,304,2,0,0,45,0,0,118,0,6,0,479,0,0,0,256,0,0,371,381,49,0
S9-PHG39-1,0,2,0,0,0,7,0,20,0,0,53,684,2,0,1,43,1,0,3,0,27,63,346,113,0,1,121,0,0,78,1393,2,0
S6-PHG39-2,0,0,6,0,0,1,0,0,0,0,1,1031,0,0,257,410,53,0,12,2,0,0,3,55,8,1,192,0,0,2,1200,155,0
S2-PHG39-1,0,1,0,0,3,2,0,0,0,0,186,533,6,0,0,7,0,0,83,0,4,1,3,2,0,77,390,0,0,1,9,590,0
S18-PHG39-1,0,0,3,0,0,0,0,1,0,1,1,403,1,1,189,426,0,0,0,2,0,0,5,759,0,0,468,0,0,2,44,1997,0
S19-PHG39-2,0,0,1,1,12,1,0,0,0,0,29,299,2,0,0,60,0,0,111,0,0,0,127,0,8,0,185,0,0,223,424,17,0
S12-PHG39-1,0,0,1,0,0,0,0,0,0,0,157,426,2,0,0,196,0,0,5,0,0,1,484,0,0,0,29,0,0,224,789,2,0
S22-PHG39-1,1,0,1,0,0,1,0,0,0,0,83,861,2,0,5,0,0,0,0,0,0,0,0,0,0,0,964,0,0,1,1621,0,0
S16-PHG39-2,0,0,1,0,0,0,0,0,0,0,0,125,0,0,0,85,1,0,21,0,0,0,18,0,2,29,55,0,0,285,424,0,0
S24-PHG39-1,0,0,6,0,0,2,0,0,4,0,9,1430,1,0,0,131,0,0,139,0,0,0,0,1,0,0,464,0,0,696,2658,2,0
S14-PHG39-1,0,0,0,0,0,0,0,6,0,0,1,42,1,0,0,8,0,0,0,0,1,0,0,0,0,0,2,0,0,2,205,185,0
S7-PHG39-1,1,0,3,1,0,0,0,0,0,0,0,834,1,0,163,374,0,0,0,0,0,0,0,0,0,0,563,0,0,1,9,492,0
S4-PHG39-1,0,0,2,0,0,0,0,0,0,0,0,86,846,0,0,151,0,0,217,0,0,0,500,0,0,35,148,0,15,0,648,3,5
S9-PHG39-2,0,0,0,0,0,11,0,34,0,0,41,481,1,0,0,56,0,0,0,0,16,60,388,143,0,0,133,0,0,66,1285,4,0
S3-PHG39-1,1,1,11,0,0,2,0,0,0,0,33,1150,2,0,1,71,0,0,127,0,1,1,135,0,0,9,199,0,0,133,537,3,1
S5-PHG39-2,1,1,2,1,3,0,0,0,0,0,2,86,0,0,144,641,0,1,1174,59,0,1,8,0,0,76,324,0,0,0,1249,3,0
S21-PHG39-2,0,0,6,0,0,0,0,0,1,0,0,2046,131,1,1,311,0,0,4,0,0,0,0,2,203,3,765,0,0,0,1343,5,0
S17-PHG39-1,0,0,11,0,0,0,0,0,0,0,2,1238,0,0,0,5,0,0,0,32,0,0,2,0,0,0,6,0,0,3,1478,247,0
S22-PHG39-2,2,0,0,0,0,0,0,0,0,0,82,636,2,0,9,0,0,0,1,0,0,0,0,0,0,0,1030,0,0,5,1734,0,0
S4-PHG39-2,0,3,2,1,0,0,0,0,0,0,0,102,829,0,0,146,0,0,253,0,0,0,468,0,0,26,117,0,6,1,586,2,3
S14-PHG39-2,0,0,0,0,2,0,1,0,0,0,0,20,0,0,0,2,0,0,2,0,0,0,1,1,0,0,3,0,0,2,148,144,0
S20-PHG39-2,0,1,1,0,45,1,0,3,0,0,46,233,3,0,27,227,0,0,374,0,0,0,0,0,0,12,287,0,0,1,542,0,0
S24-PHG39-2,0,0,5,0,0,2,0,0,0,0,2,789,0,0,0,123,0,0,142,0,0,1,1,0,0,0,364,0,0,635,2241,7,0
S18-PHG39-2,0,0,3,0,0,0,0,2,0,0,0,362,4,0,258,385,0,2,6,0,0,0,0,660,0,0,536,0,0,2,27,1639,0
S20-PHG39-1,0,1,2,0,45,3,0,0,1,1,71,159,0,1,43,197,0,0,306,0,0,0,5,4,0,10,351,0,0,0,580,0,0
S1-PHG39-1,0,2,0,0,1,0,0,0,0,0,10,125,1,0,2,56,0,0,175,0,0,0,328,7,7,0,73,0,0,71,529,2,0
S5-PHG39-1,0,8,0,3,6,0,0,0,0,0,5,70,1,0,285,592,0,2,2192,57,0,0,0,0,0,92,364,0,0,0,985,4,0
S19-PHG39-1,1,0,3,0,3,0,0,0,0,0,29,318,2,0,1,55,2,0,140,0,0,0,100,1,3,0,151,0,0,182,380,8,0
S1-PHG39-2,0,0,1,0,4,0,0,0,0,0,17,262,1,1,0,95,0,0,234,0,0,0,506,4,9,1,168,0,0,102,757,9,0
S16-PHG39-1,0,0,1,0,0,0,0,0,0,0,0,165,1,0,0,77,0,0,38,0,0,0,38,1,0,16,64,0,1,285,384,2,0
S6-PHG39-1,0,0,7,0,0,3,0,0,0,0,0,1072,2,0,241,395,85,0,10,2,0,0,3,56,5,0,237,0,0,0,1274,141,2
S2-PHG39-2,0,0,2,0,0,0,0,0,2,0,200,627,12,0,0,3,0,0,34,0,0,0,1,3,2,61,405,0,0,3,14,555,0
S21-PHG39-1,0,0,11,0,0,1,0,0,0,0,0,2312,102,1,2,285,0,4,2,0,0,0,0,2,188,4,763,0,0,2,1158,0,0
S17-PHG39-2,0,0,3,0,0,1,0,0,0,0,0,1971,1,0,0,13,0,0,3,48,0,0,0,0,0,1,2,0,0,0,1619,331,0
S15-PHG39-1,0,0,2,0,0,0,0,0,0,0,0,348,0,0,0,56,0,0,90,0,5,0,518,0,0,0,200,0,0,457,396,29,0
S7-PHG39-2,0,0,2,1,1,0,0,0,0,0,2,617,2,0,98,252,0,0,0,0,0,0,1,0,0,1,472,0,0,1,9,366,0
S12-PHG47-2,0,0,0,0,0,2,0,0,0,0,233,735,1,0,0,255,0,0,8,0,1,0,1038,0,0,0,42,0,0,426,1686,3,0
S3-PHG47-2,0,0,12,0,0,2,0,0,0,0,20,2130,2,0,0,57,0,0,214,0,0,0,109,2,0,3,148,0,0,116,470,2,1
S15-PHG47-2,0,0,3,0,0,0,0,3,0,0,0,311,1,0,0,24,0,0,66,0,2,0,788,1,0,0,257,0,0,375,410,51,0
S9-PHG47-1,0,0,1,0,0,6,0,28,0,0,36,1073,1,0,1,19,0,0,2,0,13,47,302,332,0,0,176,0,0,57,1280,0,0
S2-PHG47-1,0,1,3,0,7,0,0,0,0,0,164,1409,23,0,0,5,0,0,47,0,0,0,2,0,0,85,489,0,0,0,5,572,0
S6-PHG47-2,0,0,18,0,0,5,0,0,0,0,0,3145,2,0,243,332,77,0,10,0,0,0,3,55,6,4,186,0,0,2,1247,135,0
S18-PHG47-1,0,1,9,0,0,0,0,0,0,0,0,726,2,0,327,334,1,0,2,0,2,0,7,1223,0,0,588,0,0,0,36,1645,0
S19-PHG47-2,1,1,7,0,3,1,0,0,0,0,14,618,1,0,0,33,0,0,200,1,1,0,94,3,8,0,207,0,0,123,378,12,2
S12-PHG47-1,0,0,0,1,0,1,0,0,0,0,43,204,0,0,0,74,0,0,1,0,0,0,375,1,0,0,15,0,0,161,466,1,0
S22-PHG47-1,2,1,3,0,0,3,0,0,0,0,71,747,7,0,3,4,0,0,1,0,0,0,4,2,2,0,869,0,0,0,1053,0,0
S24-PHG47-1,0,0,12,0,1,2,0,0,1,0,4,1883,4,0,0,80,0,0,61,0,0,2,8,0,0,2,447,0,0,437,2004,5,0
S14-PHG47-1,0,0,1,0,7,3,2,11,0,0,0,28,1,0,0,2,0,0,2,0,0,0,1,2,0,0,7,0,0,4,235,204,0
S7-PHG47-1,2,0,6,1,2,1,0,0,0,0,0,984,6,0,57,206,0,0,0,0,0,0,2,0,0,0,405,0,0,0,10,317,1
S4-PHG47-1,0,1,2,1,0,0,0,0,0,0,0,98,1022,0,0,102,0,2,294,0,0,0,457,0,1,28,152,0,19,0,858,3,6
S16-PHG47-2,0,0,0,0,0,0,0,0,0,0,0,142,6,0,0,84,0,0,48,0,0,0,11,0,1,17,54,0,0,269,340,0,0
S9-PHG47-2,0,0,0,2,0,10,0,33,0,0,43,976,1,0,0,14,0,0,0,0,16,5,387,188,0,0,175,0,0,54,1309,1,0
S15-PHG47-1,0,1,0,0,0,1,0,1,0,0,0,549,1,0,1,42,0,0,133,0,23,0,850,0,0,0,239,0,0,345,340,36,0
S3-PHG47-1,1,0,15,0,0,1,0,0,0,0,21,1817,14,0,0,38,0,0,198,0,0,0,109,1,0,1,125,0,0,81,336,2,1
S5-PHG47-2,0,4,0,2,5,0,0,0,0,0,1,90,2,0,162,566,0,0,2127,54,0,0,0,0,2,74,357,0,0,2,1033,2,0
S21-PHG47-2,0,0,14,0,0,0,0,0,3,1,0,2999,77,0,1,141,0,0,1,0,0,0,2,0,96,2,676,0,0,1,994,1,0
S22-PHG47-2,0,0,0,0,0,2,0,0,0,0,75,1071,3,0,7,1,0,0,3,0,0,0,1,0,0,0,1029,0,0,1,1612,2,0
S4-PHG47-2,0,1,1,0,1,0,0,0,0,0,0,113,995,0,0,74,0,0,302,0,0,0,400,0,0,15,187,0,13,0,816,0,4
S14-PHG47-2,0,0,1,0,5,0,0,3,0,0,0,27,2,0,1,3,0,0,1,0,0,0,0,1,0,0,2,0,0,3,161,180,0
S17-PHG47-1,0,0,15,0,0,0,0,0,0,0,0,1638,0,0,0,0,0,0,2,13,0,0,1,0,0,0,1,0,0,1,1395,271,0
S20-PHG47-2,1,1,1,0,24,2,0,3,0,0,26,123,1,0,16,100,0,0,217,0,0,0,3,0,0,4,164,0,0,0,296,4,0
S24-PHG47-2,0,0,6,0,0,8,0,0,0,0,5,1660,4,0,1,67,0,0,190,0,0,1,0,0,0,0,383,0,0,743,1924,3,0
S20-PHG47-1,5,4,3,0,23,6,0,2,2,0,33,218,1,0,19,120,0,0,485,0,0,0,6,0,0,3,266,0,0,5,412,0,0
S18-PHG47-2,0,0,5,0,1,0,0,1,0,1,0,613,7,0,247,276,1,0,2,0,0,0,1,1818,0,0,554,0,0,1,27,1541,0
S1-PHG47-1,0,2,3,0,3,0,0,0,0,0,8,358,1,0,0,42,1,0,577,0,0,0,887,21,6,0,85,0,0,109,539,5,0
S5-PHG47-1,0,5,2,0,3,0,0,2,0,0,0,44,1,0,249,505,0,0,2492,31,0,0,1,0,1,85,331,0,0,2,835,0,0
S19-PHG47-1,3,0,0,0,12,10,0,0,2,0,36,203,2,0,0,23,0,0,91,0,0,0,106,0,4,0,327,0,0,221,333,5,0
S16-PHG47-1,0,0,0,0,2,0,0,0,0,0,0,162,1,0,0,39,0,0,30,0,0,0,25,0,0,10,59,0,0,209,300,1,0
S6-PHG47-1,0,0,2,0,0,16,0,0,0,0,0,3354,2,0,247,303,114,0,44,0,0,0,1,334,9,1,252,0,0,0,1672,164,0
S1-PHG47-2,0,6,1,0,0,3,0,2,1,0,22,528,2,0,0,64,1,0,617,0,0,1,1124,14,3,0,163,0,0,65,635,5,0
S2-PHG47-2,0,0,4,0,22,7,0,0,1,0,143,1458,9,0,0,4,0,0,42,0,0,0,0,1,0,66,542,0,0,2,8,539,0
S21-PHG47-1,0,0,6,0,0,1,0,0,0,0,0,3360,102,0,1,205,0,0,1,0,0,0,3,3,164,0,707,0,0,0,997,5,0
S17-PHG47-2,0,0,6,0,0,0,0,0,0,0,0,2704,2,0,0,7,0,0,1,28,0,0,2,0,0,0,3,0,0,0,1558,285,0
S7-PHG47-2,0,0,8,0,1,0,0,0,0,0,0,1263,5,0,86,279,0,0,0,0,0,0,1,0,2,0,563,0,0,0,7,452,0