B.gallicum,B.NA1,B.NA2,B.NA3,B.NA4,B.NA5,B.NA6,B.NA7,B.catenulatum,B.NA8,B.breve,B.adolescentis,B.bifidum,Sample_Name,Microbiome,Seed_Type,Reps
0,0,0,0,0,0,0,0,0,0,0,0,0,S12-764-2,S12,764,2
0,0,0,0,0,0,0,0,0,0,8,0,0,S3-764-2,S3,764,2
0,0,0,0,0,0,0,0,0,0,2,0,0,S6-764-2,S6,764,2
0,0,0,0,0,1,0,0,0,0,0,0,0,S15-764-2,S15,764,2
0,0,0,0,0,0,0,0,30,1,2,0,0,S9-764-1,S9,764,1
0,0,0,0,0,0,0,1,0,0,2,7,0,S2-764-1,S2,764,1
0,0,0,0,0,0,0,0,0,0,0,0,1,S18-764-1,S18,764,1
0,0,0,0,0,0,0,0,1,0,3,3,0,S19-764-2,S19,764,2
0,0,0,0,0,0,0,0,0,1,11,0,0,S12-764-1,S12,764,1
0,0,0,0,0,0,0,0,0,0,4,0,0,S22-764-1,S22,764,1
0,0,0,0,0,0,0,0,0,0,0,0,0,S16-764-2,S16,764,2
0,0,0,0,0,0,0,0,0,0,1,0,0,S24-764-1,S24,764,1
0,0,0,0,0,0,0,0,2,0,1,1,0,S14-764-1,S14,764,1
0,0,0,0,0,0,0,0,0,0,0,3,0,S7-764-1,S7,764,1
0,0,0,0,0,0,0,0,1,0,0,0,0,S4-764-1,S4,764,1
0,0,1,0,0,0,0,0,31,0,14,0,0,S9-764-2,S9,764,2
0,0,0,0,0,0,0,0,0,0,13,0,0,S3-764-1,S3,764,1
0,0,0,0,0,0,0,0,1,0,0,0,0,S15-764-1,S15,764,1
0,0,0,0,0,0,0,0,0,0,0,7,0,S5-764-2,S5,764,2
0,0,0,0,0,0,0,0,0,0,0,0,0,S21-764-2,S21,764,2
0,0,0,0,0,0,0,0,0,0,1,0,0,S22-764-2,S22,764,2
0,0,0,0,0,0,0,0,0,0,0,0,0,S4-764-2,S4,764,2
0,0,0,0,0,0,0,0,0,1,0,0,0,S17-764-1,S17,764,1
0,0,0,0,0,0,0,0,0,0,2,3,0,S14-764-2,S14,764,2
0,0,0,0,0,0,0,1,1,0,0,20,0,S20-764-2,S20,764,2
0,0,0,0,0,0,0,0,1,0,1,0,0,S24-764-2,S24,764,2
0,0,0,0,0,0,0,0,0,1,0,0,0,S18-764-2,S18,764,2
0,0,0,0,0,0,0,0,0,0,0,5,0,S1-764-1,S1,764,1
0,0,0,0,0,0,0,0,0,0,2,28,0,S20-764-1,S20,764,1
0,0,0,0,0,0,0,0,0,0,0,1,0,S5-764-1,S5,764,1
0,0,0,0,0,0,0,0,0,0,1,2,0,S1-764-2,S1,764,2
0,0,0,0,0,0,1,0,0,0,1,4,0,S19-764-1,S19,764,1
0,0,0,0,0,0,0,0,0,0,0,0,1,S16-764-1,S16,764,1
0,0,0,0,0,0,0,0,0,0,4,0,0,S6-764-1,S6,764,1
0,0,0,0,0,0,0,0,0,0,3,3,0,S2-764-2,S2,764,2
0,0,0,0,0,0,0,0,0,0,0,0,2,S21-764-1,S21,764,1
0,0,0,0,0,0,0,0,0,1,0,0,0,S17-764-2,S17,764,2
0,0,0,0,0,0,0,0,0,0,0,2,0,S7-764-2,S7,764,2
0,0,0,0,0,0,0,0,0,0,1,0,0,S12-A554-2,S12,A554,2
0,0,0,0,0,0,0,0,0,0,0,0,0,S6-A554-2,S6,A554,2
0,0,0,0,0,0,0,0,0,0,1,0,0,S3-A554-2,S3,A554,2
0,0,0,0,0,0,0,0,2,0,0,0,0,S15-A554-2,S15,A554,2
0,0,0,0,0,0,0,2,24,0,8,0,0,S9-A554-1,S9,A554,1
0,0,0,0,0,0,0,0,0,0,0,4,1,S2-A554-1,S2,A554,1
0,0,0,0,0,0,0,0,2,0,0,0,0,S18-A554-1,S18,A554,1
0,0,0,0,0,0,1,0,1,0,1,13,0,S20-A554-1,S20,A554,1
0,0,0,0,0,0,0,0,0,0,0,5,0,S19-A554-2,S19,A554,2
0,0,0,0,0,0,0,0,0,0,2,0,0,S12-A554-1,S12,A554,1
0,0,0,0,0,0,0,0,0,0,1,0,0,S22-A554-1,S22,A554,1
0,0,0,0,0,0,0,0,0,0,1,0,0,S24-A554-1,S24,A554,1
0,0,0,0,0,0,0,0,1,0,0,1,0,S14-A554-1,S14,A554,1
0,0,0,0,0,0,0,0,0,0,0,0,0,S16-A554-2,S16,A554,2
0,0,0,0,0,0,0,0,0,0,2,0,0,S7-A554-1,S7,A554,1
0,0,0,0,0,0,0,0,1,0,0,0,0,S4-A554-1,S4,A554,1
0,0,0,0,0,0,0,0,16,0,5,0,0,S9-A554-2,S9,A554,2
0,0,0,0,0,0,0,0,0,0,0,0,0,S3-A554-1,S3,A554,1
0,0,0,0,0,0,0,0,0,0,0,0,0,S5-A554-2,S5,A554,2
0,0,0,0,0,0,0,0,1,0,0,0,0,S15-A554-1,S15,A554,1
0,0,0,0,0,0,0,0,0,1,1,0,2,S21-A554-2,S21,A554,2
0,0,0,0,0,0,0,0,0,0,0,0,0,S22-A554-2,S22,A554,2
0,0,0,0,0,0,0,0,0,0,0,0,0,S4-A554-2,S4,A554,2
2,0,0,0,0,0,0,0,0,2,0,1,0,S14-A554-2,S14,A554,2
0,0,0,0,0,0,0,0,0,0,0,0,0,S17-A554-1,S17,A554,1
0,0,0,0,0,2,0,0,0,0,2,21,0,S20-A554-2,S20,A554,2
0,0,0,0,0,0,0,0,0,0,0,0,0,S24-A554-2,S24,A554,2
0,0,0,0,0,0,0,0,1,0,0,2,2,S18-A554-2,S18,A554,2
0,0,0,0,0,0,0,0,0,0,0,3,0,S1-A554-1,S1,A554,1
0,0,0,0,0,0,0,0,0,0,0,6,0,S5-A554-1,S5,A554,1
0,0,0,0,0,0,0,0,0,0,0,2,0,S19-A554-1,S19,A554,1
0,0,0,0,0,0,0,0,0,0,0,0,0,S16-A554-1,S16,A554,1
0,0,0,0,0,0,0,0,0,0,8,0,0,S6-A554-1,S6,A554,1
0,0,0,0,0,0,0,0,0,0,3,1,0,S2-A554-2,S2,A554,2
0,0,0,0,0,0,0,0,0,0,0,5,0,S1-A554-2,S1,A554,2
0,0,0,0,0,0,0,0,0,0,0,0,0,S21-A554-1,S21,A554,1
0,0,0,0,0,0,0,0,0,1,0,0,0,S17-A554-2,S17,A554,2
0,0,0,0,0,0,0,0,0,0,0,2,0,S7-A554-2,S7,A554,2
0,0,0,0,0,0,0,0,0,0,1,0,0,S12-B57-2,S12,B57,2
0,0,0,0,0,0,0,0,0,0,2,0,0,S3-B57-2,S3,B57,2
0,0,0,0,0,0,0,0,1,0,0,0,0,S15-B57-2,S15,B57,2
0,0,0,0,0,0,0,0,0,0,1,0,0,S6-B57-2,S6,B57,2
0,0,1,0,0,0,0,0,18,1,2,0,0,S9-B57-1,S9,B57,1
0,0,1,3,0,0,0,0,0,0,3,0,0,S2-B57-1,S2,B57,1
0,0,0,0,0,0,0,0,1,0,0,0,0,S18-B57-1,S18,B57,1
0,0,0,0,0,0,0,0,0,0,1,1,1,S19-B57-2,S19,B57,2
0,0,0,0,0,0,0,0,0,0,0,0,0,S12-B57-1,S12,B57,1
0,0,0,1,0,0,0,0,0,0,4,33,0,S20-B57-1,S20,B57,1
0,0,0,0,0,0,0,0,0,0,0,0,0,S22-B57-1,S22,B57,1
0,0,0,0,0,0,0,0,0,0,0,0,0,S24-B57-1,S24,B57,1
1,0,0,0,0,0,0,0,0,0,2,3,0,S14-B57-1,S14,B57,1
0,0,0,0,0,0,0,0,0,0,0,0,0,S7-B57-1,S7,B57,1
0,0,0,0,0,0,0,0,0,0,0,0,0,S16-B57-2,S16,B57,2
0,0,0,0,0,0,0,0,0,0,0,0,0,S4-B57-1,S4,B57,1
0,0,1,0,0,0,0,0,22,1,11,0,0,S9-B57-2,S9,B57,2
0,0,0,0,0,0,0,0,0,0,2,0,0,S3-B57-1,S3,B57,1
0,0,0,0,0,0,0,0,0,0,0,1,0,S5-B57-2,S5,B57,2
0,0,0,0,0,0,0,0,0,0,2,0,0,S21-B57-2,S21,B57,2
0,0,0,0,0,0,0,0,0,0,0,0,0,S22-B57-2,S22,B57,2
0,0,0,0,0,0,0,0,0,0,0,0,0,S4-B57-2,S4,B57,2
0,0,0,0,0,0,0,0,1,0,0,0,0,S14-B57-2,S14,B57,2
0,0,0,0,0,0,0,0,4,0,5,43,2,S20-B57-2,S20,B57,2
0,0,0,0,0,0,0,0,0,0,0,0,0,S17-B57-1,S17,B57,1
0,0,0,0,0,0,0,0,0,0,2,0,0,S24-B57-2,S24,B57,2
0,0,0,0,0,1,0,0,0,0,0,3,0,S18-B57-2,S18,B57,2
0,0,0,0,0,0,0,1,0,0,2,3,1,S1-B57-1,S1,B57,1
0,0,0,0,0,0,0,0,0,0,0,2,0,S5-B57-1,S5,B57,1
0,0,0,0,0,0,2,0,2,0,0,4,0,S19-B57-1,S19,B57,1
0,0,0,0,0,0,0,0,0,0,0,0,0,S16-B57-1,S16,B57,1
0,0,0,0,2,0,0,0,0,0,0,5,0,S1-B57-2,S1,B57,2
0,0,0,0,0,0,0,0,0,0,0,3,0,S6-B57-1,S6,B57,1
0,0,0,0,0,0,0,0,0,0,2,2,3,S2-B57-2,S2,B57,2
0,0,0,0,0,0,0,0,0,0,2,0,0,S21-B57-1,S21,B57,1
0,0,0,0,0,0,0,0,0,0,0,0,0,S17-B57-2,S17,B57,2
0,0,0,0,0,0,0,0,0,0,0,1,0,S7-B57-2,S7,B57,2
0,0,0,0,0,0,0,0,9,0,1,0,0,S15-B57-1,S15,B57,1
0,0,0,0,0,0,0,0,0,0,2,0,0,S12-FBB0-2,S12,FBB0,2
0,0,0,0,0,0,0,0,0,0,0,0,0,S3-FBB0-2,S3,FBB0,2
0,0,0,0,0,0,0,0,0,0,7,0,0,S6-FBB0-2,S6,FBB0,2
0,0,0,0,0,1,0,0,3,0,0,0,0,S15-FBB0-2,S15,FBB0,2
0,0,2,0,0,3,0,0,120,2,56,0,0,S9-FBB0-1,S9,FBB0,1
0,0,0,0,0,0,0,0,0,0,8,7,2,S2-FBB0-1,S2,FBB0,1
0,0,0,0,0,0,0,0,2,0,0,0,0,S18-FBB0-1,S18,FBB0,1
0,0,0,0,0,0,0,0,1,0,0,1,0,S19-FBB0-2,S19,FBB0,2
0,0,0,0,0,0,0,0,0,0,0,0,0,S12-FBB0-1,S12,FBB0,1
0,0,0,0,0,0,0,0,2,0,0,12,0,S20-FBB0-1,S20,FBB0,1
0,0,0,0,0,0,0,0,0,0,0,0,0,S22-FBB0-1,S22,FBB0,1
0,0,0,0,0,0,0,0,0,0,4,0,2,S24-FBB0-1,S24,FBB0,1
0,0,0,0,0,0,0,0,0,0,0,0,0,S14-FBB0-1,S14,FBB0,1
0,0,0,0,0,0,0,0,0,0,0,0,0,S7-FBB0-1,S7,FBB0,1
0,0,0,0,0,0,0,0,0,0,0,0,0,S4-FBB0-1,S4,FBB0,1
0,0,0,0,0,0,0,0,0,0,0,2,0,S16-FBB0-2,S16,FBB0,2
0,0,2,0,0,4,0,0,134,0,50,0,0,S9-FBB0-2,S9,FBB0,2
0,0,0,0,0,0,0,0,0,0,3,0,0,S3-FBB0-1,S3,FBB0,1
0,0,0,0,0,0,0,0,0,0,0,0,0,S5-FBB0-2,S5,FBB0,2
0,0,0,0,0,0,0,0,0,0,0,0,1,S21-FBB0-2,S21,FBB0,2
0,0,0,0,2,0,0,0,0,0,3,0,0,S22-FBB0-2,S22,FBB0,2
0,0,0,0,0,0,0,0,0,3,0,0,0,S17-FBB0-1,S17,FBB0,1
0,0,0,0,0,0,0,0,0,0,0,0,0,S4-FBB0-2,S4,FBB0,2
0,0,0,0,0,0,0,0,0,0,0,0,0,S14-FBB0-2,S14,FBB0,2
0,0,0,0,0,1,0,0,3,0,0,24,0,S20-FBB0-2,S20,FBB0,2
0,0,0,0,0,0,0,0,0,0,1,0,0,S24-FBB0-2,S24,FBB0,2
0,0,0,0,0,0,0,0,0,0,0,0,0,S18-FBB0-2,S18,FBB0,2
0,0,0,0,0,0,0,0,0,0,0,8,0,S1-FBB0-1,S1,FBB0,1
0,0,0,0,0,0,0,0,0,0,0,0,0,S5-FBB0-1,S5,FBB0,1
0,0,0,0,0,0,0,0,1,0,0,1,0,S19-FBB0-1,S19,FBB0,1
0,0,0,0,0,0,0,0,0,0,0,0,0,S16-FBB0-1,S16,FBB0,1
0,0,0,0,0,1,0,0,0,0,2,14,0,S1-FBB0-2,S1,FBB0,2
0,0,0,0,0,0,0,0,0,0,7,0,0,S6-FBB0-1,S6,FBB0,1
0,0,0,0,0,0,0,0,0,0,18,7,1,S2-FBB0-2,S2,FBB0,2
0,0,0,0,0,0,0,0,0,0,2,0,0,S21-FBB0-1,S21,FBB0,1
0,0,0,0,0,1,0,0,0,0,3,0,0,S15-FBB0-1,S15,FBB0,1
0,0,0,0,0,0,0,0,0,1,0,0,0,S17-FBB0-2,S17,FBB0,2
0,0,0,0,0,0,0,0,0,0,0,8,0,S7-FBB0-2,S7,FBB0,2
0,0,0,0,0,0,0,0,0,0,3,0,0,S12-HP301-2,S12,HP301,2
0,0,0,0,0,0,0,0,0,0,4,0,0,S3-HP301-2,S3,HP301,2
0,0,0,0,0,0,0,0,0,0,0,0,0,S15-HP301-2,S15,HP301,2
0,0,0,0,1,1,1,0,34,0,11,0,0,S9-HP301-1,S9,HP301,1
0,0,0,0,0,0,0,0,0,0,0,0,0,S6-HP301-2,S6,HP301,2
0,0,0,0,0,0,0,0,0,0,1,1,3,S2-HP301-1,S2,HP301,1
0,0,0,0,0,0,0,0,0,0,0,0,1,S18-HP301-1,S18,HP301,1
0,0,0,0,0,0,0,0,0,0,1,5,0,S19-HP301-2,S19,HP301,2
0,0,0,0,1,0,0,0,1,0,1,25,1,S20-HP301-1,S20,HP301,1
0,0,0,0,0,0,0,0,0,0,2,0,0,S12-HP301-1,S12,HP301,1
0,0,0,0,0,0,0,0,0,0,0,0,0,S22-HP301-1,S22,HP301,1
0,0,0,0,0,0,0,0,0,0,2,0,0,S24-HP301-1,S24,HP301,1
0,0,0,0,0,0,0,0,0,0,1,0,0,S14-HP301-1,S14,HP301,1
0,0,0,0,0,0,0,0,0,0,0,0,0,S16-HP301-2,S16,HP301,2
0,0,0,0,0,0,0,0,0,0,1,3,0,S7-HP301-1,S7,HP301,1
0,0,0,0,0,0,0,0,0,0,0,0,0,S4-HP301-1,S4,HP301,1
0,0,0,0,0,0,1,0,33,0,10,0,0,S9-HP301-2,S9,HP301,2
0,0,0,0,0,0,0,0,0,0,1,0,0,S3-HP301-1,S3,HP301,1
0,0,0,0,0,0,0,0,0,0,0,3,0,S5-HP301-2,S5,HP301,2
0,0,0,0,0,0,0,0,0,0,3,0,0,S21-HP301-2,S21,HP301,2
0,0,0,0,0,0,0,0,0,0,0,0,0,S22-HP301-2,S22,HP301,2
0,0,0,0,0,0,0,0,0,0,0,0,0,S4-HP301-2,S4,HP301,2
0,0,0,0,0,0,0,0,0,1,0,0,0,S17-HP301-1,S17,HP301,1
0,0,0,0,0,0,0,0,2,0,2,5,0,S14-HP301-2,S14,HP301,2
0,0,0,0,0,0,0,0,1,0,1,18,1,S20-HP301-2,S20,HP301,2
0,0,0,0,0,0,0,0,0,0,1,0,0,S24-HP301-2,S24,HP301,2
0,0,0,0,0,0,0,0,0,0,0,0,0,S18-HP301-2,S18,HP301,2
0,0,0,0,0,1,0,0,0,0,0,1,0,S1-HP301-1,S1,HP301,1
0,0,0,0,0,0,0,0,0,0,0,1,0,S5-HP301-1,S5,HP301,1
0,0,0,0,0,0,0,0,1,0,0,3,0,S19-HP301-1,S19,HP301,1
0,0,0,0,0,0,0,0,0,0,0,0,0,S16-HP301-1,S16,HP301,1
0,0,0,0,0,0,0,0,0,1,67,0,0,S6-HP301-1,S6,HP301,1
0,0,0,0,0,0,0,0,0,0,0,4,1,S1-HP301-2,S1,HP301,2
0,0,0,0,0,0,0,0,0,0,3,2,0,S2-HP301-2,S2,HP301,2
0,0,0,0,0,0,0,0,0,0,0,0,3,S21-HP301-1,S21,HP301,1
0,0,0,0,0,0,0,0,0,2,0,0,0,S17-HP301-2,S17,HP301,2
0,0,0,0,0,0,0,0,2,0,0,0,0,S15-HP301-1,S15,HP301,1
0,0,0,0,0,0,0,0,0,0,0,0,0,S7-HP301-2,S7,HP301,2
0,0,0,0,0,0,0,0,0,0,0,0,0,S12-LH60-2,S12,LH60,2
0,0,0,0,0,0,0,0,0,0,0,0,0,S6-LH60-2,S6,LH60,2
0,0,0,0,0,0,0,0,0,0,1,0,0,S3-LH60-2,S3,LH60,2
0,0,0,0,0,0,0,0,0,0,0,0,0,S15-LH60-2,S15,LH60,2
0,0,0,0,0,1,0,0,20,0,5,0,0,S9-LH60-1,S9,LH60,1
0,0,0,0,0,0,0,0,0,0,0,0,0,S2-LH60-1,S2,LH60,1
0,0,0,0,0,1,0,0,6,0,0,0,1,S18-LH60-1,S18,LH60,1
0,0,0,0,0,0,0,0,0,0,0,2,0,S19-LH60-2,S19,LH60,2
0,0,0,0,0,0,0,0,0,0,2,0,0,S12-LH60-1,S12,LH60,1
0,0,0,0,0,0,0,0,0,0,0,0,0,S22-LH60-1,S22,LH60,1
0,0,0,0,0,0,0,0,0,0,4,0,1,S24-LH60-1,S24,LH60,1
0,0,0,0,0,0,0,0,0,0,0,0,0,S16-LH60-2,S16,LH60,2
0,0,0,0,0,0,0,0,7,0,3,0,0,S14-LH60-1,S14,LH60,1
0,0,0,0,0,0,0,0,0,0,0,2,0,S7-LH60-1,S7,LH60,1
0,0,0,0,0,0,0,0,0,0,0,0,0,S4-LH60-1,S4,LH60,1
0,0,0,0,0,1,1,0,17,0,7,0,0,S9-LH60-2,S9,LH60,2
0,0,0,0,0,0,0,0,0,0,1,0,0,S3-LH60-1,S3,LH60,1
0,0,0,0,0,0,0,0,4,0,0,1,0,S5-LH60-2,S5,LH60,2
0,0,0,0,0,0,0,0,0,0,0,0,2,S21-LH60-2,S21,LH60,2
0,0,0,0,0,0,0,0,0,0,0,0,0,S22-LH60-2,S22,LH60,2
0,0,0,0,0,0,0,0,0,0,0,0,0,S4-LH60-2,S4,LH60,2
2,0,0,0,0,0,0,0,0,0,1,0,0,S14-LH60-2,S14,LH60,2
0,0,0,0,3,0,0,0,3,0,3,24,0,S20-LH60-2,S20,LH60,2
0,0,0,0,0,0,0,0,0,0,0,0,0,S17-LH60-1,S17,LH60,1
0,0,0,0,0,0,0,0,0,0,0,0,0,S24-LH60-2,S24,LH60,2
0,0,0,0,0,0,0,0,3,0,0,0,0,S18-LH60-2,S18,LH60,2
0,0,0,0,0,0,0,0,0,0,0,0,0,S1-LH60-1,S1,LH60,1
0,0,0,0,0,0,0,0,0,0,0,2,0,S5-LH60-1,S5,LH60,1
0,0,0,0,0,0,0,0,2,0,0,6,0,S1-LH60-2,S1,LH60,2
0,0,0,0,0,0,0,0,1,0,0,8,0,S19-LH60-1,S19,LH60,1
0,0,0,0,0,0,0,0,0,0,0,0,0,S16-LH60-1,S16,LH60,1
0,0,0,0,0,0,0,0,0,0,3,0,0,S6-LH60-1,S6,LH60,1
0,0,0,0,0,0,0,0,0,0,4,5,1,S2-LH60-2,S2,LH60,2
0,0,0,0,0,0,0,0,0,0,0,0,0,S21-LH60-1,S21,LH60,1
0,0,0,0,0,0,0,0,0,1,0,0,0,S17-LH60-2,S17,LH60,2
0,0,0,0,0,0,0,0,0,0,0,2,0,S7-LH60-2,S7,LH60,2
0,0,0,0,0,0,0,0,0,0,4,0,0,S12-NC262-2,S12,NC262,2
0,0,0,0,0,0,0,0,0,0,0,0,0,S3-NC262-2,S3,NC262,2
0,0,0,0,0,0,0,0,3,0,1,0,0,S15-NC262-2,S15,NC262,2
0,0,1,0,0,1,0,0,38,0,17,0,0,S9-NC262-1,S9,NC262,1
0,0,0,0,0,1,0,0,0,0,1,1,1,S2-NC262-1,S2,NC262,1
0,0,0,0,0,0,0,0,0,0,1,0,0,S6-NC262-2,S6,NC262,2
0,0,0,0,0,0,0,0,3,0,0,0,0,S18-NC262-1,S18,NC262,1
0,0,0,0,0,0,0,0,4,0,1,2,0,S19-NC262-2,S19,NC262,2
0,0,0,0,0,0,0,0,0,0,2,0,0,S12-NC262-1,S12,NC262,1
0,0,0,0,0,0,0,0,1,0,4,0,0,S22-NC262-1,S22,NC262,1
0,0,0,0,0,0,0,0,0,0,2,1,0,S24-NC262-1,S24,NC262,1
0,0,0,0,0,0,0,0,0,0,0,0,0,S16-NC262-2,S16,NC262,2
1,0,0,0,0,0,0,0,0,0,1,5,0,S14-NC262-1,S14,NC262,1
0,0,0,0,0,0,0,0,0,0,0,0,0,S7-NC262-1,S7,NC262,1
0,0,0,0,0,0,0,0,0,0,0,0,0,S4-NC262-1,S4,NC262,1
0,0,0,0,0,0,0,1,36,0,9,0,0,S9-NC262-2,S9,NC262,2
0,0,0,0,0,0,0,0,0,0,1,0,0,S3-NC262-1,S3,NC262,1
0,0,0,0,0,0,0,0,0,0,0,0,0,S5-NC262-2,S5,NC262,2
0,0,0,0,0,0,0,0,2,0,0,0,0,S15-NC262-1,S15,NC262,1
0,0,0,0,0,0,0,0,0,0,0,0,0,S21-NC262-2,S21,NC262,2
0,0,0,0,0,0,0,0,0,0,0,0,0,S22-NC262-2,S22,NC262,2
0,0,0,0,0,0,0,0,0,4,0,0,0,S17-NC262-1,S17,NC262,1
0,0,0,0,0,0,0,0,0,0,0,0,0,S4-NC262-2,S4,NC262,2
0,0,0,0,0,0,0,0,1,0,0,0,0,S14-NC262-2,S14,NC262,2
0,0,0,0,0,1,1,0,2,0,1,32,0,S20-NC262-2,S20,NC262,2
0,0,0,0,0,0,0,0,0,0,1,0,0,S24-NC262-2,S24,NC262,2
0,0,0,0,0,0,0,0,0,0,0,0,1,S18-NC262-2,S18,NC262,2
0,0,0,0,0,0,0,0,3,0,0,33,0,S20-NC262-1,S20,NC262,1
0,0,0,0,0,0,0,0,0,0,0,0,0,S1-NC262-1,S1,NC262,1
0,0,0,0,0,0,0,0,0,0,0,1,0,S5-NC262-1,S5,NC262,1
0,0,0,0,0,0,0,0,0,0,0,8,0,S19-NC262-1,S19,NC262,1
0,0,0,0,0,0,0,0,0,0,0,0,0,S16-NC262-1,S16,NC262,1
0,0,0,0,0,0,0,0,0,0,4,0,0,S6-NC262-1,S6,NC262,1
0,0,0,0,0,0,0,0,0,0,1,1,2,S2-NC262-2,S2,NC262,2
0,0,0,0,0,0,0,0,0,0,0,1,0,S1-NC262-2,S1,NC262,2
0,0,0,0,0,0,0,0,0,0,0,0,2,S21-NC262-1,S21,NC262,1
0,0,0,0,0,0,0,0,0,2,0,0,0,S17-NC262-2,S17,NC262,2
0,0,0,0,0,0,0,0,0,0,0,1,0,S7-NC262-2,S7,NC262,2
0,0,0,0,0,0,0,0,0,0,0,0,0,S12-PHG35-2,S12,PHG35,2
0,0,0,0,0,0,0,0,0,0,2,0,0,S3-PHG35-2,S3,PHG35,2
0,0,0,0,0,0,0,0,3,0,0,0,0,S15-PHG35-2,S15,PHG35,2
0,0,0,0,0,0,0,0,0,0,1,0,0,S6-PHG35-2,S6,PHG35,2
0,0,0,0,0,1,0,0,30,0,6,0,0,S9-PHG35-1,S9,PHG35,1
0,0,0,0,0,0,0,0,0,0,2,0,3,S2-PHG35-1,S2,PHG35,1
0,0,0,0,0,0,0,0,2,0,0,0,0,S18-PHG35-1,S18,PHG35,1
0,0,0,0,0,0,0,0,2,0,1,5,0,S19-PHG35-2,S19,PHG35,2
0,0,0,0,0,0,0,0,0,0,1,0,0,S12-PHG35-1,S12,PHG35,1
0,0,0,0,0,0,0,0,0,0,2,0,0,S22-PHG35-1,S22,PHG35,1
0,0,0,0,0,0,0,0,0,0,0,0,0,S24-PHG35-1,S24,PHG35,1
0,0,0,0,0,0,0,0,2,0,1,2,0,S14-PHG35-1,S14,PHG35,1
0,0,0,0,0,0,0,0,0,0,1,2,0,S7-PHG35-1,S7,PHG35,1
0,0,0,0,0,0,0,0,0,0,0,0,0,S16-PHG35-2,S16,PHG35,2
0,0,0,0,0,0,0,0,1,0,0,0,0,S4-PHG35-1,S4,PHG35,1
0,0,1,0,0,0,0,0,28,0,8,0,0,S9-PHG35-2,S9,PHG35,2
0,0,0,0,0,0,0,0,1,0,2,0,0,S3-PHG35-1,S3,PHG35,1
0,0,0,0,0,0,0,0,0,0,0,3,0,S5-PHG35-2,S5,PHG35,2
0,0,0,0,0,0,0,0,0,1,0,0,0,S21-PHG35-2,S21,PHG35,2
0,0,0,0,0,0,0,0,0,0,0,0,0,S17-PHG35-1,S17,PHG35,1
0,0,0,0,0,0,0,0,0,0,0,0,0,S22-PHG35-2,S22,PHG35,2
0,0,0,0,0,0,0,0,0,0,0,0,0,S4-PHG35-2,S4,PHG35,2
0,0,0,0,0,0,0,0,2,0,0,0,0,S14-PHG35-2,S14,PHG35,2
0,0,0,0,0,0,0,0,3,1,5,24,0,S20-PHG35-2,S20,PHG35,2
0,0,0,0,0,0,0,0,0,0,1,0,0,S24-PHG35-2,S24,PHG35,2
0,0,0,0,0,0,0,0,2,0,0,0,1,S18-PHG35-2,S18,PHG35,2
0,0,0,0,0,0,0,0,0,0,0,1,0,S1-PHG35-1,S1,PHG35,1
0,0,0,0,0,0,0,0,0,0,0,1,0,S5-PHG35-1,S5,PHG35,1
0,0,0,0,0,0,0,0,1,0,0,4,0,S19-PHG35-1,S19,PHG35,1
0,0,0,0,0,0,0,0,0,0,1,2,0,S1-PHG35-2,S1,PHG35,2
0,0,0,0,0,0,0,0,0,0,0,0,0,S16-PHG35-1,S16,PHG35,1
0,0,0,0,0,0,0,0,0,0,3,0,0,S6-PHG35-1,S6,PHG35,1
0,0,0,0,0,0,0,0,0,0,2,3,3,S2-PHG35-2,S2,PHG35,2
0,0,0,0,0,0,0,0,0,0,0,0,3,S21-PHG35-1,S21,PHG35,1
0,0,0,0,0,0,0,0,0,1,0,0,0,S17-PHG35-2,S17,PHG35,2
0,0,0,0,0,0,0,0,0,0,0,1,0,S7-PHG35-2,S7,PHG35,2
0,0,0,0,0,0,0,0,0,0,0,0,0,S12-PHG39-2,S12,PHG39,2
0,0,0,0,0,0,0,0,0,0,2,0,0,S3-PHG39-2,S3,PHG39,2
0,0,0,0,0,0,0,0,2,0,0,0,0,S15-PHG39-2,S15,PHG39,2
0,0,1,0,0,2,0,0,25,0,6,0,0,S9-PHG39-1,S9,PHG39,1
0,0,0,0,0,0,0,0,0,0,6,0,0,S6-PHG39-2,S6,PHG39,2
0,0,0,0,0,0,0,0,0,0,0,2,0,S2-PHG39-1,S2,PHG39,1
0,0,0,0,1,0,0,0,0,0,0,0,0,S18-PHG39-1,S18,PHG39,1
0,0,0,0,0,0,0,0,0,0,0,4,0,S19-PHG39-2,S19,PHG39,2
0,0,0,0,0,0,0,0,0,0,1,0,0,S12-PHG39-1,S12,PHG39,1
0,0,0,0,0,0,0,0,0,0,1,0,0,S22-PHG39-1,S22,PHG39,1
0,0,0,0,0,0,0,0,0,0,0,0,0,S16-PHG39-2,S16,PHG39,2
0,0,0,0,0,0,0,0,0,0,2,0,0,S24-PHG39-1,S24,PHG39,1
0,0,0,0,0,0,0,0,2,0,0,0,0,S14-PHG39-1,S14,PHG39,1
0,0,0,0,0,0,0,0,0,0,0,1,0,S7-PHG39-1,S7,PHG39,1
0,0,0,0,0,0,0,0,0,0,0,0,0,S4-PHG39-1,S4,PHG39,1
0,0,1,0,0,0,1,0,35,0,14,0,0,S9-PHG39-2,S9,PHG39,2
0,0,0,0,0,0,0,0,0,0,1,0,0,S3-PHG39-1,S3,PHG39,1
0,0,0,0,0,0,0,0,0,0,0,4,0,S5-PHG39-2,S5,PHG39,2
0,0,0,0,0,0,0,0,0,0,0,0,1,S21-PHG39-2,S21,PHG39,2
0,0,0,0,0,0,0,0,0,1,0,0,0,S17-PHG39-1,S17,PHG39,1
0,0,0,0,0,0,0,0,0,0,0,0,0,S22-PHG39-2,S22,PHG39,2
0,0,0,0,0,0,0,0,0,0,0,0,0,S4-PHG39-2,S4,PHG39,2
4,0,0,0,0,0,0,0,1,0,0,0,0,S14-PHG39-2,S14,PHG39,2
0,0,0,0,0,0,0,0,1,0,5,34,0,S20-PHG39-2,S20,PHG39,2
0,0,0,0,0,0,0,0,0,0,1,0,0,S24-PHG39-2,S24,PHG39,2
0,0,0,0,0,0,0,0,3,0,0,0,1,S18-PHG39-2,S18,PHG39,2
0,0,0,0,0,0,0,0,1,0,2,21,0,S20-PHG39-1,S20,PHG39,1
0,0,0,0,0,0,0,0,0,0,0,0,0,S1-PHG39-1,S1,PHG39,1
0,0,0,0,0,0,0,0,0,0,0,0,0,S5-PHG39-1,S5,PHG39,1
0,0,0,0,0,0,0,0,0,0,0,2,1,S19-PHG39-1,S19,PHG39,1
0,1,0,0,0,0,0,0,0,0,0,2,2,S1-PHG39-2,S1,PHG39,2
0,0,0,0,0,0,0,0,0,0,0,0,0,S16-PHG39-1,S16,PHG39,1
0,0,0,0,0,0,0,0,0,1,0,0,0,S6-PHG39-1,S6,PHG39,1
0,0,0,0,0,0,0,0,0,0,2,1,0,S2-PHG39-2,S2,PHG39,2
0,0,0,0,0,0,0,0,0,0,1,0,1,S21-PHG39-1,S21,PHG39,1
0,0,0,0,0,0,0,0,0,2,0,0,0,S17-PHG39-2,S17,PHG39,2
0,0,0,0,0,0,0,0,0,0,1,0,0,S15-PHG39-1,S15,PHG39,1
0,0,0,0,0,0,0,0,0,0,0,1,0,S7-PHG39-2,S7,PHG39,2
0,0,0,0,0,0,0,0,0,0,4,0,0,S12-PHG47-2,S12,PHG47,2
0,0,0,0,0,0,0,0,0,0,1,0,0,S3-PHG47-2,S3,PHG47,2
0,0,0,0,0,0,0,0,5,0,0,0,0,S15-PHG47-2,S15,PHG47,2
0,0,0,0,1,0,0,2,30,0,4,0,0,S9-PHG47-1,S9,PHG47,1
0,0,0,0,0,1,0,0,0,0,0,4,0,S2-PHG47-1,S2,PHG47,1
0,0,0,0,0,0,0,0,0,0,7,0,0,S6-PHG47-2,S6,PHG47,2
0,0,0,0,0,0,0,0,0,0,0,0,0,S18-PHG47-1,S18,PHG47,1
0,0,0,0,0,0,0,0,0,1,1,1,0,S19-PHG47-2,S19,PHG47,2
0,0,0,0,0,0,0,0,0,0,0,0,0,S12-PHG47-1,S12,PHG47,1
0,0,0,0,0,0,0,0,0,0,3,0,0,S22-PHG47-1,S22,PHG47,1
0,0,0,0,0,0,0,0,0,0,5,2,1,S24-PHG47-1,S24,PHG47,1
2,0,0,0,0,0,0,0,2,0,4,3,0,S14-PHG47-1,S14,PHG47,1
0,0,0,0,0,0,0,0,0,0,0,2,0,S7-PHG47-1,S7,PHG47,1
0,0,0,0,0,0,0,0,0,0,0,0,0,S4-PHG47-1,S4,PHG47,1
0,0,0,0,0,0,0,0,0,0,0,0,0,S16-PHG47-2,S16,PHG47,2
0,0,0,0,0,0,0,0,32,0,18,0,0,S9-PHG47-2,S9,PHG47,2
0,0,0,0,0,0,0,0,1,0,2,0,0,S15-PHG47-1,S15,PHG47,1
0,0,0,0,0,0,0,0,0,0,2,0,0,S3-PHG47-1,S3,PHG47,1
0,0,0,0,0,0,0,0,0,0,0,3,0,S5-PHG47-2,S5,PHG47,2
0,0,0,0,0,0,0,0,0,0,1,0,3,S21-PHG47-2,S21,PHG47,2
0,0,0,0,0,0,0,0,0,0,0,0,0,S22-PHG47-2,S22,PHG47,2
0,0,0,0,0,0,0,0,0,0,0,1,0,S4-PHG47-2,S4,PHG47,2
0,0,0,0,0,0,0,0,2,0,0,1,0,S14-PHG47-2,S14,PHG47,2
0,0,0,0,0,0,0,0,0,3,0,0,0,S17-PHG47-1,S17,PHG47,1
0,0,0,0,0,2,0,0,3,0,8,28,0,S20-PHG47-2,S20,PHG47,2
0,0,0,0,0,0,0,0,0,0,6,0,0,S24-PHG47-2,S24,PHG47,2
0,0,0,0,0,0,0,0,5,0,5,19,2,S20-PHG47-1,S20,PHG47,1
0,0,0,0,0,1,0,0,0,0,2,0,0,S18-PHG47-2,S18,PHG47,2
0,0,0,0,0,0,0,0,0,0,0,1,0,S1-PHG47-1,S1,PHG47,1
0,0,0,0,0,0,0,0,0,0,0,4,0,S5-PHG47-1,S5,PHG47,1
0,0,0,0,0,0,0,0,0,0,7,6,4,S19-PHG47-1,S19,PHG47,1
0,0,0,0,0,0,0,0,0,0,0,1,0,S16-PHG47-1,S16,PHG47,1
0,0,0,0,0,0,0,0,0,0,21,0,0,S6-PHG47-1,S6,PHG47,1
0,0,0,0,0,1,0,0,1,0,0,5,1,S1-PHG47-2,S1,PHG47,2
0,0,0,0,0,0,0,0,0,0,7,22,0,S2-PHG47-2,S2,PHG47,2
0,0,0,0,0,0,0,0,0,0,0,0,1,S21-PHG47-1,S21,PHG47,1
0,0,0,0,0,0,0,0,0,2,0,0,0,S17-PHG47-2,S17,PHG47,2
0,0,0,0,0,0,0,0,0,0,0,0,0,S7-PHG47-2,S7,PHG47,2