Sample Name,CT,Microbiome,Seed_Name
S1-764-1,22.959,S1,764
S1-764-1,22.609,S1,764
S1-764-2,23.719,S1,764
S1-764-2,23.562,S1,764
S1-A554-1,23.804,S1,A554
S1-A554-1,23.439,S1,A554
S1-A554-2,23.663,S1,A554
S1-A554-2,24.059,S1,A554
S1-B57-1,24.069,S1,B57
S1-B57-1,24.23,S1,B57
S1-B57-2,23.31,S1,B57
S1-B57-2,23.58,S1,B57
S1-FBB0-1,24.147,S1,FBB0
S1-FBB0-1,23.9,S1,FBB0
S1-FBB0-2,23.601,S1,FBB0
S1-FBB0-2,24.118,S1,FBB0
S1-HP301-1,24.701,S1,HP301
S1-HP301-1,24.441,S1,HP301
S1-HP301-2,24.1,S1,HP301
S1-HP301-2,24.408,S1,HP301
S1-LH60-1,24.828,S1,LH60
S1-LH60-1,24.915,S1,LH60
S1-LH60-2,23.719,S1,LH60
S1-LH60-2,23.982,S1,LH60
S1-NC262-1,24.054,S1,NC262
S1-NC262-1,23.999,S1,NC262
S1-NC262-2,24.668,S1,NC262
S1-NC262-2,24.954,S1,NC262
S1-PHG35-1,24.722,S1,PHG35
S1-PHG35-1,23.976,S1,PHG35
S1-PHG35-2,24.966,S1,PHG35
S1-PHG35-2,25.188,S1,PHG35
S1-PHG39-1,22.606,S1,PHG39
S1-PHG39-1,22.518,S1,PHG39
S1-PHG39-2,23.279,S1,PHG39
S1-PHG39-2,23.565,S1,PHG39
S1-PHG47-1,23.338,S1,PHG47
S1-PHG47-1,23.56,S1,PHG47
S1-PHG47-2,24.303,S1,PHG47
S1-PHG47-2,24.372,S1,PHG47
S12-764-1,26.182,S12,764
S12-764-1,26.022,S12,764
S12-764-2,27.687,S12,764
S12-764-2,27.44,S12,764
S12-A554-1,28.12,S12,A554
S12-A554-1,28.053,S12,A554
S12-A554-2,29.831,S12,A554
S12-A554-2,28.21,S12,A554
S12-B57-1,27.617,S12,B57
S12-B57-1,27.435,S12,B57
S12-B57-2,27.105,S12,B57
S12-B57-2,27.376,S12,B57
S12-FBB0-1,28.827,S12,FBB0
S12-FBB0-1,28.785,S12,FBB0
S12-FBB0-2,30.071,S12,FBB0
S12-FBB0-2,29.376,S12,FBB0
S12-HP301-1,27.981,S12,HP301
S12-HP301-1,27.638,S12,HP301
S12-HP301-2,27.13,S12,HP301
S12-HP301-2,26.785,S12,HP301
S12-LH60-1,27.623,S12,LH60
S12-LH60-1,27.843,S12,LH60
S12-NC262-1,28.451,S12,NC262
S12-NC262-1,28.443,S12,NC262
S12-NC262-2,27.27,S12,NC262
S12-NC262-2,27.26,S12,NC262
S12-PHG35-1,26.85,S12,PHG35
S12-PHG35-1,26.696,S12,PHG35
S12-PHG35-2,27.673,S12,PHG35
S12-PHG35-2,27.712,S12,PHG35
S12-PHG39-1,28.044,S12,PHG39
S12-PHG39-1,27.7,S12,PHG39
S12-PHG39-2,27.54,S12,PHG39
S12-PHG39-2,27.165,S12,PHG39
S12-PHG47-2,26.555,S12,PHG47
S12-PHG47-2,26.412,S12,PHG47
S14-764-1,26.96,S14,764
S14-764-1,27.002,S14,764
S14-764-2,25.146,S14,764
S14-764-2,25.032,S14,764
S14-A554-1,26.806,S14,A554
S14-A554-1,26.847,S14,A554
S14-A554-2,25.012,S14,A554
S14-A554-2,24.827,S14,A554
S14-B57-1,26.82,S14,B57
S14-B57-1,26.414,S14,B57
S14-B57-2,25.046,S14,B57
S14-B57-2,24.747,S14,B57
S14-FBB0-1,27.647,S14,FBB0
S14-FBB0-1,28.057,S14,FBB0
S14-FBB0-2,30.905,S14,FBB0
S14-FBB0-2,32.182,S14,FBB0
S14-HP301-1,27.088,S14,HP301
S14-HP301-1,27.131,S14,HP301
S14-HP301-2,25.319,S14,HP301
S14-HP301-2,25.423,S14,HP301
S14-LH60-1,26.626,S14,LH60
S14-LH60-1,26.629,S14,LH60
S14-LH60-2,26.504,S14,LH60
S14-LH60-2,26.002,S14,LH60
S14-NC262-1,27.727,S14,NC262
S14-NC262-1,27.377,S14,NC262
S14-NC262-2,25.988,S14,NC262
S14-NC262-2,25.595,S14,NC262
S14-PHG35-1,25.033,S14,PHG35
S14-PHG35-1,25.136,S14,PHG35
S14-PHG35-2,25.22,S14,PHG35
S14-PHG35-2,24.975,S14,PHG35
S14-PHG39-1,26.981,S14,PHG39
S14-PHG39-1,26.562,S14,PHG39
S14-PHG47-1,25.131,S14,PHG47
S14-PHG47-1,25.221,S14,PHG47
S14-PHG47-2,23.957,S14,PHG47
S14-PHG47-2,24.626,S14,PHG47
S15-764-1,26.603,S15,764
S15-764-1,25.705,S15,764
S15-764-2,24.264,S15,764
S15-764-2,24.596,S15,764
S15-A554-1,28.237,S15,A554
S15-A554-1,28.125,S15,A554
S15-A554-2,26.21,S15,A554
S15-A554-2,26.15,S15,A554
S15-B57-1,25.926,S15,B57
S15-B57-1,26.254,S15,B57
S15-B57-2,26.401,S15,B57
S15-B57-2,25.997,S15,B57
S15-FBB0-1,27.044,S15,FBB0
S15-FBB0-1,27.814,S15,FBB0
S15-FBB0-2,27.281,S15,FBB0
S15-FBB0-2,27.914,S15,FBB0
S15-HP301-1,23.757,S15,HP301
S15-HP301-1,23.75,S15,HP301
S15-HP301-2,25.864,S15,HP301
S15-HP301-2,25.925,S15,HP301
S15-LH60-2,24.979,S15,LH60
S15-LH60-2,24.374,S15,LH60
S15-NC262-1,25.981,S15,NC262
S15-NC262-1,25.583,S15,NC262
S15-NC262-2,24.571,S15,NC262
S15-NC262-2,24.08,S15,NC262
S15-PHG35-2,24.559,S15,PHG35
S15-PHG35-2,24.554,S15,PHG35
S15-PHG39-1,25.11,S15,PHG39
S15-PHG39-1,25.563,S15,PHG39
S15-PHG39-2,24.217,S15,PHG39
S15-PHG39-2,23.565,S15,PHG39
S15-PHG47-1,26.53,S15,PHG47
S15-PHG47-1,26.862,S15,PHG47
S15-PHG47-2,24.305,S15,PHG47
S15-PHG47-2,23.531,S15,PHG47
S16-764-1,25.97,S16,764
S16-764-1,25.696,S16,764
S16-764-2,27.578,S16,764
S16-764-2,27.493,S16,764
S16-A554-1,26.885,S16,A554
S16-A554-1,27.152,S16,A554
S16-A554-2,27.621,S16,A554
S16-A554-2,27.82,S16,A554
S16-B57-1,26.65,S16,B57
S16-B57-1,26.964,S16,B57
S16-B57-2,29.19,S16,B57
S16-B57-2,29.057,S16,B57
S16-FBB0-1,29.739,S16,FBB0
S16-FBB0-1,29.672,S16,FBB0
S16-FBB0-2,30.308,S16,FBB0
S16-FBB0-2,30.34,S16,FBB0
S16-HP301-1,25.712,S16,HP301
S16-HP301-1,25.736,S16,HP301
S16-HP301-2,27.235,S16,HP301
S16-HP301-2,27.433,S16,HP301
S16-LH60-1,27.027,S16,LH60
S16-LH60-1,26.99,S16,LH60
S16-LH60-2,27.609,S16,LH60
S16-LH60-2,27.905,S16,LH60
S16-NC262-1,26.078,S16,NC262
S16-NC262-1,26.342,S16,NC262
S16-NC262-2,28.004,S16,NC262
S16-NC262-2,28.251,S16,NC262
S16-PHG35-1,23.047,S16,PHG35
S16-PHG35-1,24.201,S16,PHG35
S16-PHG35-2,27.448,S16,PHG35
S16-PHG35-2,27.295,S16,PHG35
S16-PHG39-1,26.889,S16,PHG39
S16-PHG39-1,26.395,S16,PHG39
S16-PHG39-2,25.442,S16,PHG39
S16-PHG39-2,25.056,S16,PHG39
S16-PHG47-1,25.011,S16,PHG47
S16-PHG47-1,25.202,S16,PHG47
S16-PHG47-2,26.789,S16,PHG47
S16-PHG47-2,27.008,S16,PHG47
S17-764-1,29.463,S17,764
S17-764-1,30.288,S17,764
S17-764-2,28.162,S17,764
S17-764-2,27.604,S17,764
S17-A554-1,28.123,S17,A554
S17-A554-1,28.855,S17,A554
S17-A554-2,26.278,S17,A554
S17-A554-2,25.847,S17,A554
S17-B57-1,29.272,S17,B57
S17-B57-1,28.796,S17,B57
S17-B57-2,28.716,S17,B57
S17-B57-2,29.036,S17,B57
S17-FBB0-1,Undetermined,S17,FBB0
S17-FBB0-1,31.979,S17,FBB0
S17-FBB0-2,30.806,S17,FBB0
S17-FBB0-2,30.821,S17,FBB0
S17-HP301-1,29.05,S17,HP301
S17-HP301-1,29.588,S17,HP301
S17-HP301-2,28.1,S17,HP301
S17-HP301-2,27.979,S17,HP301
S17-LH60-1,30.415,S17,LH60
S17-LH60-1,31.509,S17,LH60
S17-LH60-2,27.843,S17,LH60
S17-LH60-2,27.681,S17,LH60
S17-NC262-1,29.075,S17,NC262
S17-NC262-1,29.792,S17,NC262
S17-NC262-2,27.8,S17,NC262
S17-NC262-2,27.821,S17,NC262
S17-PHG35-1,29.47,S17,PHG35
S17-PHG35-1,29.386,S17,PHG35
S17-PHG35-2,28.328,S17,PHG35
S17-PHG35-2,28.078,S17,PHG35
S17-PHG39-1,28.114,S17,PHG39
S17-PHG39-1,28.4,S17,PHG39
S17-PHG39-2,29.482,S17,PHG39
S17-PHG39-2,29.097,S17,PHG39
S17-PHG47-1,28.648,S17,PHG47
S17-PHG47-1,29.474,S17,PHG47
S17-PHG47-2,26.845,S17,PHG47
S17-PHG47-2,26.948,S17,PHG47
S18-764-1,25.112,S18,764
S18-764-1,24.907,S18,764
S18-764-2,26.975,S18,764
S18-764-2,26.672,S18,764
S18-A554-1,25.709,S18,A554
S18-A554-1,25.401,S18,A554
S18-A554-2,25.965,S18,A554
S18-A554-2,25.761,S18,A554
S18-B57-1,25.157,S18,B57
S18-B57-1,25.083,S18,B57
S18-B57-2,25.772,S18,B57
S18-B57-2,25.339,S18,B57
S18-FBB0-1,27.086,S18,FBB0
S18-FBB0-1,26.95,S18,FBB0
S18-FBB0-2,26.825,S18,FBB0
S18-FBB0-2,26.235,S18,FBB0
S18-HP301-1,24.692,S18,HP301
S18-HP301-1,24.673,S18,HP301
S18-HP301-2,25.918,S18,HP301
S18-HP301-2,26.745,S18,HP301
S18-LH60-1,25.475,S18,LH60
S18-LH60-1,25.184,S18,LH60
S18-LH60-2,25.228,S18,LH60
S18-LH60-2,25.375,S18,LH60
S18-NC262-1,25.342,S18,NC262
S18-NC262-1,25.11,S18,NC262
S18-NC262-2,25.326,S18,NC262
S18-NC262-2,24.885,S18,NC262
S18-PHG35-1,25.498,S18,PHG35
S18-PHG35-1,25.258,S18,PHG35
S18-PHG35-2,25.992,S18,PHG35
S18-PHG35-2,25.349,S18,PHG35
S18-PHG39-1,25.781,S18,PHG39
S18-PHG39-1,26.405,S18,PHG39
S18-PHG39-2,25.772,S18,PHG39
S18-PHG39-2,25.319,S18,PHG39
S18-PHG47-1,25.7,S18,PHG47
S18-PHG47-1,25.8,S18,PHG47
S18-PHG47-2,24.401,S18,PHG47
S18-PHG47-2,24.222,S18,PHG47
S19-764-1,22.286,S19,764
S19-764-1,22.903,S19,764
S19-764-2,24.778,S19,764
S19-764-2,24.637,S19,764
S19-A554-1,23.228,S19,A554
S19-A554-1,23.306,S19,A554
S19-A554-2,24.223,S19,A554
S19-A554-2,24.566,S19,A554
S19-B57-1,24.337,S19,B57
S19-B57-1,24.56,S19,B57
S19-B57-2,23.328,S19,B57
S19-B57-2,22.563,S19,B57
S19-FBB0-1,23.619,S19,FBB0
S19-FBB0-1,24.154,S19,FBB0
S19-FBB0-2,26.115,S19,FBB0
S19-FBB0-2,26.18,S19,FBB0
S19-HP301-1,23.3,S19,HP301
S19-HP301-1,23.993,S19,HP301
S19-HP301-2,23.963,S19,HP301
S19-HP301-2,23.415,S19,HP301
S19-LH60-1,23.013,S19,LH60
S19-LH60-1,22.871,S19,LH60
S19-LH60-2,23.862,S19,LH60
S19-LH60-2,23.976,S19,LH60
S19-NC262-1,22.521,S19,NC262
S19-NC262-1,22.959,S19,NC262
S19-NC262-2,23.369,S19,NC262
S19-NC262-2,23.501,S19,NC262
S19-PHG35-1,23.557,S19,PHG35
S19-PHG35-1,23.836,S19,PHG35
S19-PHG35-2,23.41,S19,PHG35
S19-PHG35-2,22.945,S19,PHG35
S19-PHG39-1,22.937,S19,PHG39
S19-PHG39-1,23.311,S19,PHG39
S19-PHG39-2,23.892,S19,PHG39
S19-PHG39-2,23.529,S19,PHG39
S19-PHG47-1,21.007,S19,PHG47
S19-PHG47-1,21.371,S19,PHG47
S19-PHG47-2,23.309,S19,PHG47
S19-PHG47-2,23.212,S19,PHG47
S2-764-1,23.407,S2,764
S2-764-1,22.709,S2,764
S2-764-2,23.061,S2,764
S2-764-2,23.202,S2,764
S2-A554-1,23.737,S2,A554
S2-A554-1,23.616,S2,A554
S2-A554-2,23.941,S2,A554
S2-A554-2,23.887,S2,A554
S2-B57-1,24.787,S2,B57
S2-B57-1,24.451,S2,B57
S2-B57-2,23.135,S2,B57
S2-B57-2,22.933,S2,B57
S2-FBB0-1,24.389,S2,FBB0
S2-FBB0-1,24.046,S2,FBB0
S2-FBB0-2,23.552,S2,FBB0
S2-FBB0-2,22.996,S2,FBB0
S2-HP301-1,23.424,S2,HP301
S2-HP301-1,22.982,S2,HP301
S2-HP301-2,23.23,S2,HP301
S2-HP301-2,23.215,S2,HP301
S2-LH60-1,23.856,S2,LH60
S2-LH60-1,23.673,S2,LH60
S2-LH60-2,22.834,S2,LH60
S2-LH60-2,23.549,S2,LH60
S2-NC262-1,23.719,S2,NC262
S2-NC262-1,23.424,S2,NC262
S2-NC262-2,23.834,S2,NC262
S2-NC262-2,23.572,S2,NC262
S2-PHG35-1,23.727,S2,PHG35
S2-PHG35-1,24.355,S2,PHG35
S2-PHG35-2,22.591,S2,PHG35
S2-PHG35-2,22.63,S2,PHG35
S2-PHG39-1,25.707,S2,PHG39
S2-PHG39-1,25.485,S2,PHG39
S2-PHG39-2,23.393,S2,PHG39
S2-PHG39-2,24.032,S2,PHG39
S2-PHG47-1,22.111,S2,PHG47
S2-PHG47-1,22.007,S2,PHG47
S2-PHG47-2,21.58,S2,PHG47
S2-PHG47-2,21.204,S2,PHG47
S20-764-1,21.683,S20,764
S20-764-1,21.913,S20,764
S20-764-2,21.077,S20,764
S20-764-2,20.783,S20,764
S20-A554-1,23.034,S20,A554
S20-A554-1,22.997,S20,A554
S20-A554-2,22.6,S20,A554
S20-A554-2,21.608,S20,A554
S20-B57-1,22.159,S20,B57
S20-B57-1,22.122,S20,B57
S20-B57-2,20.918,S20,B57
S20-B57-2,21.073,S20,B57
S20-FBB0-1,24.941,S20,FBB0
S20-FBB0-1,25.393,S20,FBB0
S20-FBB0-2,24.163,S20,FBB0
S20-FBB0-2,24.334,S20,FBB0
S20-HP301-1,21.396,S20,HP301
S20-HP301-1,22.331,S20,HP301
S20-HP301-2,21.877,S20,HP301
S20-HP301-2,21.275,S20,HP301
S20-LH60-2,21.132,S20,LH60
S20-LH60-2,21.141,S20,LH60
S20-NC262-1,21.998,S20,NC262
S20-NC262-1,22.195,S20,NC262
S20-NC262-2,21.129,S20,NC262
S20-NC262-2,20.672,S20,NC262
S20-PHG35-2,20.835,S20,PHG35
S20-PHG35-2,21.255,S20,PHG35
S20-PHG39-1,23.544,S20,PHG39
S20-PHG39-1,23.829,S20,PHG39
S20-PHG39-2,21.291,S20,PHG39
S20-PHG39-2,21.373,S20,PHG39
S20-PHG47-1,22.362,S20,PHG47
S20-PHG47-1,22.173,S20,PHG47
S20-PHG47-2,20.529,S20,PHG47
S20-PHG47-2,20.927,S20,PHG47
S21-764-1,24.94,S21,764
S21-764-1,25.281,S21,764
S21-764-2,27.047,S21,764
S21-764-2,26.908,S21,764
S21-A554-1,25.852,S21,A554
S21-A554-1,25.094,S21,A554
S21-A554-2,27.229,S21,A554
S21-A554-2,27.553,S21,A554
S21-B57-1,Undetermined,S21,B57
S21-B57-1,22.115,S21,B57
S21-B57-2,26.66,S21,B57
S21-B57-2,26.895,S21,B57
S21-FBB0-1,27.363,S21,FBB0
S21-FBB0-1,27.062,S21,FBB0
S21-FBB0-2,29.741,S21,FBB0
S21-FBB0-2,29.957,S21,FBB0
S21-HP301-1,28.143,S21,HP301
S21-HP301-1,25.565,S21,HP301
S21-HP301-2,27.151,S21,HP301
S21-HP301-2,27.223,S21,HP301
S21-LH60-1,25.935,S21,LH60
S21-LH60-1,25.645,S21,LH60
S21-LH60-2,27.572,S21,LH60
S21-LH60-2,27.222,S21,LH60
S21-NC262-1,24.98,S21,NC262
S21-NC262-1,25.035,S21,NC262
S21-NC262-2,29.482,S21,NC262
S21-NC262-2,28.863,S21,NC262
S21-PHG35-1,25.285,S21,PHG35
S21-PHG35-1,25.423,S21,PHG35
S21-PHG35-2,27.471,S21,PHG35
S21-PHG35-2,27.03,S21,PHG35
S21-PHG39-1,25.338,S21,PHG39
S21-PHG39-1,25.014,S21,PHG39
S21-PHG39-2,27.397,S21,PHG39
S21-PHG39-2,28.716,S21,PHG39
S21-PHG47-1,24.561,S21,PHG47
S21-PHG47-1,24.575,S21,PHG47
S21-PHG47-2,26.18,S21,PHG47
S21-PHG47-2,26.358,S21,PHG47
S22-764-1,25.527,S22,764
S22-764-1,24.859,S22,764
S22-764-2,27.305,S22,764
S22-764-2,27.441,S22,764
S22-A554-1,28.184,S22,A554
S22-A554-1,27.673,S22,A554
S22-A554-2,26.421,S22,A554
S22-A554-2,27.161,S22,A554
S22-B57-1,27.306,S22,B57
S22-B57-1,27.648,S22,B57
S22-B57-2,30.276,S22,B57
S22-B57-2,30.535,S22,B57
S22-FBB0-1,30.108,S22,FBB0
S22-FBB0-1,29.616,S22,FBB0
S22-FBB0-2,27.732,S22,FBB0
S22-FBB0-2,27.73,S22,FBB0
S22-HP301-1,26.697,S22,HP301
S22-HP301-1,27.293,S22,HP301
S22-HP301-2,27.313,S22,HP301
S22-HP301-2,27.13,S22,HP301
S22-LH60-1,28.753,S22,LH60
S22-LH60-1,29.559,S22,LH60
S22-LH60-2,28.392,S22,LH60
S22-LH60-2,28.46,S22,LH60
S22-NC262-1,26.906,S22,NC262
S22-NC262-1,26.731,S22,NC262
S22-NC262-2,28.708,S22,NC262
S22-NC262-2,29.429,S22,NC262
S22-PHG35-1,27.562,S22,PHG35
S22-PHG35-1,28.049,S22,PHG35
S22-PHG35-2,26.39,S22,PHG35
S22-PHG35-2,26.97,S22,PHG35
S22-PHG39-1,29.614,S22,PHG39
S22-PHG39-1,29.975,S22,PHG39
S22-PHG39-2,28.23,S22,PHG39
S22-PHG39-2,28.657,S22,PHG39
S22-PHG47-1,24.579,S22,PHG47
S22-PHG47-1,24.218,S22,PHG47
S22-PHG47-2,28.274,S22,PHG47
S22-PHG47-2,28.593,S22,PHG47
S24-764-1,25.301,S24,764
S24-764-1,24.999,S24,764
S24-764-2,26.575,S24,764
S24-764-2,26.317,S24,764
S24-A554-1,26.45,S24,A554
S24-A554-1,26.485,S24,A554
S24-A554-2,26.271,S24,A554
S24-A554-2,27.102,S24,A554
S24-B57-1,26.576,S24,B57
S24-B57-1,29.183,S24,B57
S24-B57-2,27.296,S24,B57
S24-B57-2,27.163,S24,B57
S24-FBB0-1,26.819,S24,FBB0
S24-FBB0-1,26.938,S24,FBB0
S24-FBB0-2,27.393,S24,FBB0
S24-FBB0-2,27.933,S24,FBB0
S24-HP301-1,26.554,S24,HP301
S24-HP301-1,26.568,S24,HP301
S24-HP301-2,25.966,S24,HP301
S24-HP301-2,26.785,S24,HP301
S24-LH60-1,25.786,S24,LH60
S24-LH60-1,26.358,S24,LH60
S24-LH60-2,27.261,S24,LH60
S24-LH60-2,27.509,S24,LH60
S24-NC262-1,24.83,S24,NC262
S24-NC262-1,24.669,S24,NC262
S24-NC262-2,27.591,S24,NC262
S24-NC262-2,27.38,S24,NC262
S24-PHG35-1,27.095,S24,PHG35
S24-PHG35-1,27.078,S24,PHG35
S24-PHG35-2,25.183,S24,PHG35
S24-PHG35-2,24.776,S24,PHG35
S24-PHG39-1,23.748,S24,PHG39
S24-PHG39-1,24.16,S24,PHG39
S24-PHG39-2,26.479,S24,PHG39
S24-PHG39-2,26.077,S24,PHG39
S24-PHG47-1,25.539,S24,PHG47
S24-PHG47-1,25.303,S24,PHG47
S24-PHG47-2,23.908,S24,PHG47
S24-PHG47-2,24.085,S24,PHG47
S3-764-1,22.43,S3,764
S3-764-1,22.06,S3,764
S3-764-2,23.084,S3,764
S3-764-2,23.056,S3,764
S3-A554-1,27.53,S3,A554
S3-A554-1,27.572,S3,A554
S3-A554-2,25.281,S3,A554
S3-A554-2,25.223,S3,A554
S3-B57-1,25.072,S3,B57
S3-B57-1,25.028,S3,B57
S3-B57-2,26.886,S3,B57
S3-B57-2,26.739,S3,B57
S3-FBB0-1,27.961,S3,FBB0
S3-FBB0-1,28.437,S3,FBB0
S3-FBB0-2,27.894,S3,FBB0
S3-FBB0-2,27.941,S3,FBB0
S3-HP301-1,25.811,S3,HP301
S3-HP301-1,25.55,S3,HP301
S3-HP301-2,27.371,S3,HP301
S3-HP301-2,26.805,S3,HP301
S3-LH60-1,25.332,S3,LH60
S3-LH60-1,25.062,S3,LH60
S3-LH60-2,26.939,S3,LH60
S3-LH60-2,27.254,S3,LH60
S3-NC262-1,26.012,S3,NC262
S3-NC262-1,26.011,S3,NC262
S3-NC262-2,24.771,S3,NC262
S3-NC262-2,24.723,S3,NC262
S3-PHG35-1,24.053,S3,PHG35
S3-PHG35-1,23.935,S3,PHG35
S3-PHG35-2,23.975,S3,PHG35
S3-PHG35-2,24.046,S3,PHG35
S3-PHG39-1,25.895,S3,PHG39
S3-PHG39-1,25.556,S3,PHG39
S3-PHG39-2,25.622,S3,PHG39
S3-PHG39-2,25.611,S3,PHG39
S3-PHG47-1,24.672,S3,PHG47
S3-PHG47-1,24.505,S3,PHG47
S3-PHG47-2,25.164,S3,PHG47
S3-PHG47-2,25.292,S3,PHG47
S4-764-1,Undetermined,S4,764
S4-764-1,Undetermined,S4,764
S4-764-2,33.219,S4,764
S4-764-2,Undetermined,S4,764
S4-A554-1,Undetermined,S4,A554
S4-A554-1,Undetermined,S4,A554
S4-A554-2,Undetermined,S4,A554
S4-A554-2,Undetermined,S4,A554
S4-B57-1,Undetermined,S4,B57
S4-B57-1,Undetermined,S4,B57
S4-B57-2,33.875,S4,B57
S4-B57-2,33.544,S4,B57
S4-FBB0-1,Undetermined,S4,FBB0
S4-FBB0-1,Undetermined,S4,FBB0
S4-FBB0-2,Undetermined,S4,FBB0
S4-FBB0-2,34.397,S4,FBB0
S4-HP301-1,Undetermined,S4,HP301
S4-HP301-1,Undetermined,S4,HP301
S4-HP301-2,Undetermined,S4,HP301
S4-HP301-2,Undetermined,S4,HP301
S4-LH60-1,Undetermined,S4,LH60
S4-LH60-1,Undetermined,S4,LH60
S4-LH60-2,33.452,S4,LH60
S4-LH60-2,34.556,S4,LH60
S4-NC262-1,Undetermined,S4,NC262
S4-NC262-1,Undetermined,S4,NC262
S4-NC262-2,34.232,S4,NC262
S4-NC262-2,Undetermined,S4,NC262
S4-PHG35-1,Undetermined,S4,PHG35
S4-PHG35-1,Undetermined,S4,PHG35
S4-PHG35-2,33.222,S4,PHG35
S4-PHG35-2,Undetermined,S4,PHG35
S4-PHG39-1,Undetermined,S4,PHG39
S4-PHG39-1,Undetermined,S4,PHG39
S4-PHG39-2,Undetermined,S4,PHG39
S4-PHG39-2,33.987,S4,PHG39
S4-PHG47-1,Undetermined,S4,PHG47
S4-PHG47-1,Undetermined,S4,PHG47
S4-PHG47-2,Undetermined,S4,PHG47
S4-PHG47-2,Undetermined,S4,PHG47
S5-764-1,25.338,S5,764
S5-764-1,25.305,S5,764
S5-764-2,25.963,S5,764
S5-764-2,26.099,S5,764
S5-A554-1,25.278,S5,A554
S5-A554-1,25.428,S5,A554
S5-A554-2,27.513,S5,A554
S5-A554-2,27.181,S5,A554
S5-B57-1,26.006,S5,B57
S5-B57-1,25.621,S5,B57
S5-B57-2,28.999,S5,B57
S5-B57-2,28.743,S5,B57
S5-FBB0-1,28.387,S5,FBB0
S5-FBB0-1,27.509,S5,FBB0
S5-FBB0-2,29.624,S5,FBB0
S5-FBB0-2,29.061,S5,FBB0
S5-HP301-1,25.477,S5,HP301
S5-HP301-1,25.737,S5,HP301
S5-HP301-2,28.337,S5,HP301
S5-HP301-2,27.621,S5,HP301
S5-LH60-1,25.287,S5,LH60
S5-LH60-1,25.293,S5,LH60
S5-LH60-2,27.849,S5,LH60
S5-LH60-2,Undetermined,S5,LH60
S5-NC262-1,25.49,S5,NC262
S5-NC262-1,25.56,S5,NC262
S5-NC262-2,27.488,S5,NC262
S5-NC262-2,28.161,S5,NC262
S5-PHG35-1,24.876,S5,PHG35
S5-PHG35-1,24.433,S5,PHG35
S5-PHG35-2,27.628,S5,PHG35
S5-PHG35-2,26.727,S5,PHG35
S5-PHG39-1,25.725,S5,PHG39
S5-PHG39-1,25.132,S5,PHG39
S5-PHG39-2,26.316,S5,PHG39
S5-PHG39-2,26.469,S5,PHG39
S5-PHG47-1,24.15,S5,PHG47
S5-PHG47-1,24.033,S5,PHG47
S5-PHG47-2,26.217,S5,PHG47
S5-PHG47-2,26.822,S5,PHG47
S6-764-1,23.376,S6,764
S6-764-1,23.462,S6,764
S6-764-2,26.862,S6,764
S6-764-2,26.57,S6,764
S6-A554-1,23.904,S6,A554
S6-A554-1,23.886,S6,A554
S6-A554-2,26.082,S6,A554
S6-A554-2,26.405,S6,A554
S6-B57-1,24.623,S6,B57
S6-B57-1,24.94,S6,B57
S6-B57-2,25.972,S6,B57
S6-B57-2,25.883,S6,B57
S6-FBB0-1,25.67,S6,FBB0
S6-FBB0-1,25.564,S6,FBB0
S6-FBB0-2,27.171,S6,FBB0
S6-FBB0-2,27.152,S6,FBB0
S6-HP301-1,19.479,S6,HP301
S6-HP301-1,19.394,S6,HP301
S6-HP301-2,25.474,S6,HP301
S6-HP301-2,25.803,S6,HP301
S6-LH60-1,24.967,S6,LH60
S6-LH60-1,25.112,S6,LH60
S6-NC262-1,23.567,S6,NC262
S6-NC262-1,23.7,S6,NC262
S6-NC262-2,25.431,S6,NC262
S6-NC262-2,25.721,S6,NC262
S6-PHG35-1,22.895,S6,PHG35
S6-PHG35-1,22.747,S6,PHG35
S6-PHG35-2,27.153,S6,PHG35
S6-PHG35-2,27.031,S6,PHG35
S6-PHG39-1,25.043,S6,PHG39
S6-PHG39-1,25.27,S6,PHG39
S6-PHG47-1,21.892,S6,PHG47
S6-PHG47-1,22.143,S6,PHG47
S6-PHG47-2,26.53,S6,PHG47
S6-PHG47-2,26.752,S6,PHG47
S7-764-1,23.485,S7,764
S7-764-1,23.357,S7,764
S7-764-2,25.177,S7,764
S7-764-2,25.222,S7,764
S7-A554-1,25.054,S7,A554
S7-A554-1,24.571,S7,A554
S7-A554-2,25.908,S7,A554
S7-A554-2,25.237,S7,A554
S7-B57-1,23.691,S7,B57
S7-B57-1,23.591,S7,B57
S7-B57-2,24.401,S7,B57
S7-B57-2,24.649,S7,B57
S7-FBB0-1,26.619,S7,FBB0
S7-FBB0-1,26.959,S7,FBB0
S7-FBB0-2,26.038,S7,FBB0
S7-FBB0-2,26.542,S7,FBB0
S7-HP301-1,25.641,S7,HP301
S7-HP301-1,25.679,S7,HP301
S7-HP301-2,25.358,S7,HP301
S7-HP301-2,25.206,S7,HP301
S7-LH60-1,24.171,S7,LH60
S7-LH60-1,24.342,S7,LH60
S7-LH60-2,24.27,S7,LH60
S7-LH60-2,24.204,S7,LH60
S7-NC262-1,24.112,S7,NC262
S7-NC262-1,24.041,S7,NC262
S7-NC262-2,25.044,S7,NC262
S7-NC262-2,25.233,S7,NC262
S7-PHG35-1,24.258,S7,PHG35
S7-PHG35-1,24.011,S7,PHG35
S7-PHG35-2,26.67,S7,PHG35
S7-PHG35-2,26.669,S7,PHG35
S7-PHG39-1,23.984,S7,PHG39
S7-PHG39-1,23.727,S7,PHG39
S7-PHG39-2,25.38,S7,PHG39
S7-PHG39-2,25.551,S7,PHG39
S7-PHG47-1,23.952,S7,PHG47
S7-PHG47-1,23.345,S7,PHG47
S7-PHG47-2,25.107,S7,PHG47
S7-PHG47-2,24.4,S7,PHG47
S9-764-1,21.715,S9,764
S9-764-1,21.462,S9,764
S9-764-2,20.051,S9,764
S9-764-2,20.584,S9,764
S9-A554-1,20.312,S9,A554
S9-A554-1,20.572,S9,A554
S9-A554-2,20.901,S9,A554
S9-A554-2,20.812,S9,A554
S9-B57-1,21.04,S9,B57
S9-B57-1,20.632,S9,B57
S9-B57-2,19.744,S9,B57
S9-B57-2,20.306,S9,B57
S9-FBB0-1,21.238,S9,FBB0
S9-FBB0-1,22.426,S9,FBB0
S9-FBB0-2,21.559,S9,FBB0
S9-FBB0-2,21.435,S9,FBB0
S9-HP301-1,20.41,S9,HP301
S9-HP301-1,20.317,S9,HP301
S9-HP301-2,20.405,S9,HP301
S9-HP301-2,20.277,S9,HP301
S9-LH60-1,19.275,S9,LH60
S9-LH60-1,20.32,S9,LH60
S9-LH60-2,20.469,S9,LH60
S9-LH60-2,20.493,S9,LH60
S9-NC262-1,21.501,S9,NC262
S9-NC262-1,20.81,S9,NC262
S9-NC262-2,19.634,S9,NC262
S9-NC262-2,19.704,S9,NC262
S9-PHG35-1,20.436,S9,PHG35
S9-PHG35-1,20.643,S9,PHG35
S9-PHG39-1,20.888,S9,PHG39
S9-PHG39-1,20.561,S9,PHG39
S9-PHG39-2,20.093,S9,PHG39
S9-PHG39-2,20.085,S9,PHG39
S9-PHG47-1,20.177,S9,PHG47
S9-PHG47-1,20.138,S9,PHG47
S9-PHG47-2,19.908,S9,PHG47
S9-PHG47-2,19.723,S9,PHG47